Workbook

Sheet global
O1: A | P1: B
A2: ="QAPLU01" -> QAPLU01 | B2: A-PlusCal 20 X 250 gr | C2: 1042 | D2: Pack | E2: 52 | F2: Advansia Indotani, PT | H2: C | O2: A-PlusCal 20 X 250 gr | P2: =SUMIFS($C$2:$C$7959,$B$2:$B$7959,O2) -> 1042
A3: ="AAPLU01" -> AAPLU01 | B3: A-PlusCal 20 X 250 gr | C3: 0 | D3: Pcs | E3: 0 | O3: AC LG | P3: =SUMIFS($C$2:$C$7959,$B$2:$B$7959,O3) -> 0
A4: ="ZZACL01" -> ZZACL01 | B4: AC LG | C4: 0 | D4: Pcs | E4: 0 | F4: No Name | G4: Sarana Promosi | O4: AC Midea | P4: =SUMIFS($C$2:$C$7959,$B$2:$B$7959,O4) -> 0
A5: ="ZZACMI02" -> ZZACMI02 | B5: AC Midea | C5: 0 | D5: Pcs | E5: 0 | F5: No Name | G5: Sarana Promosi | O5: AC Mitsubishi | P5: =SUMIFS($C$2:$C$7959,$B$2:$B$7959,O5) -> 0
A6: ="ZZACMI01" -> ZZACMI01 | B6: AC Mitsubishi | C6: 0 | D6: Pcs | E6: 0 | F6: No Name | G6: Sarana Promosi | O6: ACL 6 865 SL 25 X 400 ml | P6: =SUMIFS($C$2:$C$7959,$B$2:$B$7959,O6) -> 0
A7: ="QACL02" -> QACL02 | B7: ACL 6 865 SL 25 X 400 ml | C7: 0 | D7: Btl | E7: 0 | F7: Asiana Chemicalindo Lestari, PT | G7: 2,4 D | H7: A | O7: ACL 6 865 SL 50 X 200 ml | P7: =SUMIFS($C$2:$C$7959,$B$2:$B$7959,O7) -> 141
A8: ="QACL01" -> QACL01 | B8: ACL 6 865 SL 50 X 200 ml | C8: 141 | D8: Btl | E8: 2 | F8: Asiana Chemicalindo Lestari, PT | G8: 2,4 D | H8: A | O8: Abacel 18 EC 10 X 1 ltr | P8: =SUMIFS($C$2:$C$7959,$B$2:$B$7959,O8) -> 1
A9: ="AABAC01" -> AABAC01 | B9: Abacel 18 EC 10 X 1 ltr | C9: 0 | D9: Btl | E9: 0 | F9: Excel Meg Indo, PT | G9: Abamectin | O9: Abacel 18 EC 20 X 500 ml | P9: =SUMIFS($C$2:$C$7959,$B$2:$B$7959,O9) -> 8730
A10: ="QABAC01" -> QABAC01 | B10: Abacel 18 EC 10 X 1 ltr | C10: 1 | D10: Btl | E10: 0 | F10: Excel Meg Indo, PT | G10: Abamectin | O10: Abacel 18 EC 40 X 250 ml | P10: =SUMIFS($C$2:$C$7959,$B$2:$B$7959,O10) -> 12653
A11: ="QABAC03" -> QABAC03 | B11: Abacel 18 EC 20 X 500 ml | C11: 8730 | D11: Btl | E11: 436 | F11: Excel Meg Indo, PT | G11: Abamectin | O11: Abacel 18 EC 50 X 100 ml | P11: =SUMIFS($C$2:$C$7959,$B$2:$B$7959,O11) -> 2999
A12: ="AABAC03" -> AABAC03 | B12: Abacel 18 EC 20 X 500 ml | C12: 0 | D12: Btl | E12: 0 | F12: Excel Meg Indo, PT | G12: Abamectin | O12: Abacell 18 EC 100 X 100 ml (tdk terpakai) | P12: =SUMIFS($C$2:$C$7959,$B$2:$B$7959,O12) -> 0
A13: ="QABAC04" -> QABAC04 | B13: Abacel 18 EC 40 X 250 ml | C13: 12653 | D13: Btl | E13: 316 | F13: Excel Meg Indo, PT | G13: Abamectin | O13: Abacell 18 EC 100 X 100 ml (tidak terpakai) | P13: =SUMIFS($C$2:$C$7959,$B$2:$B$7959,O13) -> 0
A14: ="AABAC04" -> AABAC04 | B14: Abacel 18 EC 40 X 250 ml | C14: 0 | D14: Btl | E14: 0 | F14: Excel Meg Indo, PT | G14: Abamectin | O14: Abacell 18 EC 50 X 100 ml | P14: =SUMIFS($C$2:$C$7959,$B$2:$B$7959,O14) -> 0
A15: ="AABAC09" -> AABAC09 | B15: Abacel 18 EC 50 X 100 ml | C15: 0 | D15: Btl | E15: 0 | O15: Abacyper 30/125 EC 24 X 200 ml | P15: =SUMIFS($C$2:$C$7959,$B$2:$B$7959,O15) -> 0
A16: ="QABAC07" -> QABAC07 | B16: Abacel 18 EC 50 X 100 ml | C16: 2999 | D16: Btl | E16: 59 | F16: Excel Meg Indo, PT | G16: Abamectin | O16: Abacyper 30/125 EC 48 X 100 ml | P16: =SUMIFS($C$2:$C$7959,$B$2:$B$7959,O16) -> 0
A17: ="QABAC02" -> QABAC02 | B17: Abacell 18 EC 100 X 100 ml (tdk terpakai) | C17: 0 | D17: Btl | E17: 0 | F17: Excel Meg Indo, PT | G17: Abamectin | O17: Abacypher Reform 100ml (Sample) | P17: =SUMIFS($C$2:$C$7959,$B$2:$B$7959,O17) -> 0
A18: ="AABAC02" -> AABAC02 | B18: Abacell 18 EC 100 X 100 ml (tidak terpakai) | C18: 0 | D18: Btl | E18: 0 | F18: Excel Meg Indo, PT | G18: Abamectin | O18: Abado 50 WP 20 X 20 X 10 gr | P18: =SUMIFS($C$2:$C$7959,$B$2:$B$7959,O18) -> 0
A19: ="AABAC07" -> AABAC07 | B19: Abacell 18 EC 50 X 100 ml | C19: 0 | D19: Btl | E19: 0 | F19: Excel Meg Indo, PT | G19: Abamectin | O19: Abado 50 WP 20 X 6 X 40 gr | P19: =SUMIFS($C$2:$C$7959,$B$2:$B$7959,O19) -> 480
A20: ="QABAC06" -> QABAC06 | B20: Abacyper 30/125 EC 24 X 200 ml | C20: 0 | D20: Btl | E20: 0 | F20: Artha Buana Mandiri/Graha Niaga Mandiri, CV | G20: Abamectin + Sipermetrin | O20: Abastar 290 SC 40 X 250 ml | P20: =SUMIFS($C$2:$C$7959,$B$2:$B$7959,O20) -> 0
A21: ="AABAC06" -> AABAC06 | B21: Abacyper 30/125 EC 24 X 200 ml | C21: 0 | D21: Btl | E21: 0 | F21: Artha Buana Mandiri/Graha Niaga Mandiri, CV | G21: Abamectin + Sipermetrin | O21: Abastar 290 SC 50 X 100 ml | P21: =SUMIFS($C$2:$C$7959,$B$2:$B$7959,O21) -> 0
A22: ="QABAC05" -> QABAC05 | B22: Abacyper 30/125 EC 48 X 100 ml | C22: 0 | D22: Btl | E22: 0 | F22: Artha Buana Mandiri/Graha Niaga Mandiri, CV | G22: Abamectin + Sipermetrin | O22: Abenz 22 EC 100 X 100 ml | P22: =SUMIFS($C$2:$C$7959,$B$2:$B$7959,O22) -> 80
A23: ="AABAC05" -> AABAC05 | B23: Abacyper 30/125 EC 48 X 100 ml | C23: 0 | D23: Btl | E23: 0 | F23: Artha Buana Mandiri/Graha Niaga Mandiri, CV | G23: Abamectin + Sipermetrin | O23: Abenz 22 EC 40 X 250 ml | P23: =SUMIFS($C$2:$C$7959,$B$2:$B$7959,O23) -> 3624
A24: ="AABAC08" -> AABAC08 | B24: Abacypher Reform 100ml (Sample) | C24: 0 | D24: Btl | E24: 0 | F24: Artha Buana Mandiri/Graha Niaga Mandiri, CV | G24: Abamectin + Sipermetrin | O24: Abojo 60 WP 10 X 20 X 50 gr | P24: =SUMIFS($C$2:$C$7959,$B$2:$B$7959,O24) -> 32993
A25: ="AABAD02" -> AABAD02 | B25: Abado 50 WP 20 X 20 X 10 gr | C25: 0 | D25: Pack | E25: 0 | F25: Advansia Indotani, PT | G25: Dimetomorf | H25: C | O25: Abojo 60 WP 100 X 100 gr | P25: =SUMIFS($C$2:$C$7959,$B$2:$B$7959,O25) -> 1000
A26: ="QABAD02" -> QABAD02 | B26: Abado 50 WP 20 X 20 X 10 gr | C26: 0 | D26: Pack | E26: 0 | F26: Advansia Indotani, PT | G26: Dimetomorf | H26: C | O26: Absina 36 EC 100 X 100 ml | P26: =SUMIFS($C$2:$C$7959,$B$2:$B$7959,O26) -> 0
A27: ="AABAD01" -> AABAD01 | B27: Abado 50 WP 20 X 6 X 40 gr | C27: 0 | D27: Pack | E27: 0 | F27: Advansia Indotani, PT | G27: Dimetomorf | H27: C | O27: Absina 36 EC 20 X 1 ltr | P27: =SUMIFS($C$2:$C$7959,$B$2:$B$7959,O27) -> 0
A28: ="QABAD01" -> QABAD01 | B28: Abado 50 WP 20 X 6 X 40 gr | C28: 480 | D28: Pack | E28: 4 | F28: Advansia Indotani, PT | G28: Dimetomorf | H28: C | O28: Absina 36 EC 20 X 500 ml | P28: =SUMIFS($C$2:$C$7959,$B$2:$B$7959,O28) -> 0
A29: ="QABAS02" -> QABAS02 | B29: Abastar 290 SC 40 X 250 ml | C29: 0 | D29: Btl | E29: 0 | F29: Excel Meg Indo, PT | G29: Abamertin + Klorpirofos | H29: C | O29: Absina 36 EC 50 X 200 ml | P29: =SUMIFS($C$2:$C$7959,$B$2:$B$7959,O29) -> 0
A30: ="QABAS01" -> QABAS01 | B30: Abastar 290 SC 50 X 100 ml | C30: 0 | D30: Btl | E30: 0 | F30: Excel Meg Indo, PT | G30: Abamertin + Klorpirofos | H30: C | O30: Abuki 50 SL 20 X 250 ml | P30: =SUMIFS($C$2:$C$7959,$B$2:$B$7959,O30) -> 0
A31: ="QABEN01" -> QABEN01 | B31: Abenz 22 EC 100 X 100 ml | C31: 80 | D31: Btl | E31: 0 | F31: Advansia Indotani, PT | G31: Amamektin Benzoat | O31: Abuki 50 SL 20 X 500 ml | P31: =SUMIFS($C$2:$C$7959,$B$2:$B$7959,O31) -> 0
A32: ="AABEN01" -> AABEN01 | B32: Abenz 22 EC 100 X 100 ml | C32: 0 | D32: Btl | E32: 0 | F32: Advansia Indotani, PT | G32: Amamektin Benzoat | O32: Abuki 50 SL 50 X 100 ml | P32: =SUMIFS($C$2:$C$7959,$B$2:$B$7959,O32) -> 0
A33: ="QABEN02" -> QABEN02 | B33: Abenz 22 EC 40 X 250 ml | C33: 3624 | D33: Btl | E33: 90 | F33: Advansia Indotani, PT | G33: Amamektin Benzoat | O33: Acapela System 280 SC 40 X 100 ml | P33: =SUMIFS($C$2:$C$7959,$B$2:$B$7959,O33) -> 0
A34: ="AABEN02" -> AABEN02 | B34: Abenz 22 EC 40 X 250 ml | C34: 0 | D34: Btl | E34: 0 | F34: Advansia Indotani, PT | G34: Amamektin Benzoat | O34: Acapela System 280 SC 50 X 100 ml | P34: =SUMIFS($C$2:$C$7959,$B$2:$B$7959,O34) -> 19204
A35: ="AABOJ02" -> AABOJ02 | B35: Abojo 60 WP 10 X 20 X 50 gr | C35: 0 | D35: Pack | E35: 0 | F35: Advansia Indotani, PT | G35: fentin asetat | O35: Accora 100 EC 15 X 1 ltr (Sample) | P35: =SUMIFS($C$2:$C$7959,$B$2:$B$7959,O35) -> 0
A36: ="QABOJ02" -> QABOJ02 | B36: Abojo 60 WP 10 X 20 X 50 gr | C36: 32993 | D36: Pack | E36: 164 | F36: Advansia Indotani, PT | G36: fentin asetat | O36: Accora 100 EC 15 X 1 ltr | P36: =SUMIFS($C$2:$C$7959,$B$2:$B$7959,O36) -> 0
A37: ="AABOJ01" -> AABOJ01 | B37: Abojo 60 WP 100 X 100 gr | C37: 0 | D37: Pack | E37: 0 | F37: Advansia Indotani, PT | G37: fentin asetat | O37: Accora 100 EC 20 X 500 ml | P37: =SUMIFS($C$2:$C$7959,$B$2:$B$7959,O37) -> 0
A38: ="AABOJO01" -> AABOJO01 | B38: Abojo 60 WP 100 X 100 gr | C38: 0 | D38: Pack | E38: 0 | O38: Accora 100 EC 50 X 100 ml | P38: =SUMIFS($C$2:$C$7959,$B$2:$B$7959,O38) -> 0
A39: ="QABOJ01" -> QABOJ01 | B39: Abojo 60 WP 100 X 100 gr | C39: 1000 | D39: Pack | E39: 10 | F39: Advansia Indotani, PT | G39: fentin asetat | O39: Accu Isatech Isa 8-12 | P39: =SUMIFS($C$2:$C$7959,$B$2:$B$7959,O39) -> 3
A40: ="QABSI01" -> QABSI01 | B40: Absina 36 EC 100 X 100 ml | C40: 0 | D40: Btl | E40: 0 | F40: Binangun Agro Lestari, CV | G40: Abamektin | H40: B | O40: Accu Isatech 8A - 12 Volt | P40: =SUMIFS($C$2:$C$7959,$B$2:$B$7959,O40) -> 0
A41: ="QABSI04" -> QABSI04 | B41: Absina 36 EC 20 X 1 ltr | C41: 0 | D41: Btl | E41: 0 | F41: Binangun Agro Lestari, CV | G41: Abamektin | H41: B | O41: Accu Kayaba Kering 12A - 12 Volt | P41: =SUMIFS($C$2:$C$7959,$B$2:$B$7959,O41) -> 1
A42: ="QABSI03" -> QABSI03 | B42: Absina 36 EC 20 X 500 ml | C42: 0 | D42: Btl | E42: 0 | F42: Binangun Agro Lestari, CV | G42: Abamektin | H42: B | O42: Accu Sprayer Elektrik 5L 12V 1.3A | P42: =SUMIFS($C$2:$C$7959,$B$2:$B$7959,O42) -> 0
A43: ="QABSI02" -> QABSI02 | B43: Absina 36 EC 50 X 200 ml | C43: 0 | D43: Btl | E43: 0 | F43: Binangun Agro Lestari, CV | G43: Abamektin | H43: B | O43: Accu Tangki ABC 16 ltr 8A - 12 Volt | P43: =SUMIFS($C$2:$C$7959,$B$2:$B$7959,O43) -> 0
A44: ="QABUK03" -> QABUK03 | B44: Abuki 50 SL 20 X 250 ml | C44: 0 | D44: Btl | E44: 0 | F44: Agricon, PT | G44: Imidakloprid | O44: Accu Yakotani Kering 12A - 12 Volt | P44: =SUMIFS($C$2:$C$7959,$B$2:$B$7959,O44) -> 0
A45: ="QABUK01" -> QABUK01 | B45: Abuki 50 SL 20 X 500 ml | C45: 0 | D45: Btl | E45: 0 | F45: Agricon, PT | G45: Imidakloprid | O45: Ace One 75 SP 100 X 100 gr | P45: =SUMIFS($C$2:$C$7959,$B$2:$B$7959,O45) -> 0
A46: ="AABUK01" -> AABUK01 | B46: Abuki 50 SL 20 X 500 ml | C46: 0 | D46: Btl | E46: 0 | F46: Agricon, PT | G46: Imidakloprid | O46: Ace One 75 SP 20 X 400 gr | P46: =SUMIFS($C$2:$C$7959,$B$2:$B$7959,O46) -> 0
A47: ="QABUK02" -> QABUK02 | B47: Abuki 50 SL 50 X 100 ml | C47: 0 | D47: Btl | E47: 0 | F47: Agricon, PT | G47: Imidakloprid | O47: Ace One 75 SP 25 X 400 gr | P47: =SUMIFS($C$2:$C$7959,$B$2:$B$7959,O47) -> 0
A48: ="QACAP01" -> QACAP01 | B48: Acapela System 280 SC 40 X 100 ml | C48: 0 | D48: Btl | E48: 0 | F48: Corteva Agriscience Indonesia, PT | G48: Pikosistrobin & Siprokonazol | O48: Ace-One 75 SP 25 X 400 gr | P48: =SUMIFS($C$2:$C$7959,$B$2:$B$7959,O48) -> 1281
A49: ="AACAP01" -> AACAP01 | B49: Acapela System 280 SC 40 X 100 ml | C49: 0 | D49: Btl | E49: 0 | F49: Dupont Agricultural Product Indonesia, PT | G49: Pikosistrobin & Siprokonazol | O49: Ace-One 75 SP 50 X 100 gr | P49: =SUMIFS($C$2:$C$7959,$B$2:$B$7959,O49) -> 473
A50: ="QACAP02" -> QACAP02 | B50: Acapela System 280 SC 50 X 100 ml | C50: 19204 | D50: Btl | E50: 384 | F50: Corteva Agriscience Indonesia, PT | G50: Pikosistrobin & Siprokonazol | O50: Acemain 75 SP 10 X 8 X 100 gr | P50: =SUMIFS($C$2:$C$7959,$B$2:$B$7959,O50) -> 0
A51: ="AACAP02" -> AACAP02 | B51: Acapela System 280 SC 50 X 100 ml | C51: 0 | D51: Btl | E51: 0 | F51: Corteva Agriscience Indonesia, PT | O51: Acemain 75 SP 20 X 400 gr | P51: =SUMIFS($C$2:$C$7959,$B$2:$B$7959,O51) -> 0
A52: ="AACCO03" -> AACCO03 | B52: Accora 100 EC 15 X 1 ltr (Sample) | C52: 0 | D52: Btl | E52: 0 | F52: Sarana Tani Indonesia Makmur, PT | G52: Sipermetrin | O52: Achlor 4/36 WP 60 X 100 gr | P52: =SUMIFS($C$2:$C$7959,$B$2:$B$7959,O52) -> 0
A53: ="AACCO02" -> AACCO02 | B53: Accora 100 EC 15 X 1 ltr | C53: 0 | D53: Btl | E53: 0 | F53: Sarana Tani Indonesia Makmur, PT | G53: Sipermetrin | H53: C | O53: Acrobat 50 WP 16 X 20 X 10 gr | P53: =SUMIFS($C$2:$C$7959,$B$2:$B$7959,O53) -> 39850
A54: ="QACCO02" -> QACCO02 | B54: Accora 100 EC 15 X 1 ltr | C54: 0 | D54: Btl | E54: 0 | F54: Sarana Tani Indonesia Makmur, PT | G54: Sipermetrin | H54: C | O54: Acrobat 50 WP 20 X 6 X 40 gr | P54: =SUMIFS($C$2:$C$7959,$B$2:$B$7959,O54) -> 30748
A55: ="QACCO01" -> QACCO01 | B55: Accora 100 EC 20 X 500 ml | C55: 0 | D55: Btl | E55: 0 | F55: Sarana Tani Indonesia Makmur, PT | G55: Sipermetrin | H55: C | O55: Acrobat 500 SC 20 ltr | P55: =SUMIFS($C$2:$C$7959,$B$2:$B$7959,O55) -> 0
A56: ="AACCO04" -> AACCO04 | B56: Accora 100 EC 20 X 500 ml | C56: 0 | D56: Btl | E56: 0 | F56: Benih Berkah Berseri, PT | G56: Sipermetrin | O56: Acrobat WP 16 X 20 X 10 gr | P56: =SUMIFS($C$2:$C$7959,$B$2:$B$7959,O56) -> 0
A57: ="AACCO01" -> AACCO01 | B57: Accora 100 EC 50 X 100 ml | C57: 0 | D57: Btl | E57: 0 | F57: Sarana Tani Indonesia Makmur, PT | G57: Sipermetrin | H57: C | O57: Acrobat WP 20 X 6 X 40 gr | P57: =SUMIFS($C$2:$C$7959,$B$2:$B$7959,O57) -> 0
A58: ="QACCO03" -> QACCO03 | B58: Accora 100 EC 50 X 100 ml | C58: 0 | D58: Btl | E58: 0 | F58: Sarana Tani Indonesia Makmur, PT | G58: Sipermetrin | H58: C | O58: Actara WG 4 X 25 X 10 gr | P58: =SUMIFS($C$2:$C$7959,$B$2:$B$7959,O58) -> 0
A59: ="QACCU06" -> QACCU06 | B59: Accu Isatech Isa 8-12 | C59: 3 | D59: Pcs | E59: 3 | F59: Sarana Tani Makmur, CV | O59: Actellicpro 500 EC 10 X 1 ltr | P59: =SUMIFS($C$2:$C$7959,$B$2:$B$7959,O59) -> 0
A60: ="QACCU02" -> QACCU02 | B60: Accu Isatech 8A - 12 Volt | C60: 0 | D60: Pcs | E60: 0 | F60: Imta Sukses Abadi, PT | G60: Accu | O60: Actigrow 12 X 1 ltr | P60: =SUMIFS($C$2:$C$7959,$B$2:$B$7959,O60) -> 0
A61: ="AACCU01" -> AACCU01 | B61: Accu Kayaba Kering 12A - 12 Volt | C61: 1 | D61: Pcs | E61: 1 | F61: Widjaya, UD | G61: Accu | O61: Actigrow 20 X 500 ml | P61: =SUMIFS($C$2:$C$7959,$B$2:$B$7959,O61) -> 0
A62: ="QACCU05" -> QACCU05 | B62: Accu Sprayer Elektrik 5L 12V 1.3A | C62: 0 | D62: Pcs | E62: 0 | F62: Sarana Tani Makmur, CV | G62: Accu | O62: Activation 20 X 1 ltr | P62: =SUMIFS($C$2:$C$7959,$B$2:$B$7959,O62) -> 932
A63: ="QACCU01" -> QACCU01 | B63: Accu Tangki ABC 16 ltr 8A - 12 Volt | C63: 0 | D63: Pcs | E63: 0 | F63: Star Metal Ware Industry, PT | G63: Accu | O63: Activation 20 X 500 ml | P63: =SUMIFS($C$2:$C$7959,$B$2:$B$7959,O63) -> 2574
A64: ="QACCU03" -> QACCU03 | B64: Accu Yakotani Kering 12A - 12 Volt | C64: 0 | D64: Pcs | E64: 0 | F64: Widjaya, UD | G64: Accu | O64: Active 490 SL 25 X 500 ml | P64: =SUMIFS($C$2:$C$7959,$B$2:$B$7959,O64) -> 0
A65: ="AACCU02" -> AACCU02 | B65: Accu Yakotani Kering 12A - 12 Volt | C65: 0 | D65: Pcs | E65: 0 | F65: Widjaya, UD | G65: Accu | O65: Active 490 SL 30 X 250 ml | P65: =SUMIFS($C$2:$C$7959,$B$2:$B$7959,O65) -> 0
A66: ="QACEO01" -> QACEO01 | B66: Ace One 75 SP 100 X 100 gr | C66: 0 | D66: Pack | E66: 0 | F66: Sinar General Industries, PT | G66: Achephate | H66: C | O66: Ademo 150 SL 20 X 1 ltr | P66: =SUMIFS($C$2:$C$7959,$B$2:$B$7959,O66) -> 0
A67: ="AACEO01" -> AACEO01 | B67: Ace One 75 SP 100 X 100 gr | C67: 0 | D67: Pack | E67: 0 | F67: Sinar General Industries, PT | G67: Achephate | H67: C | O67: Adengo SC465 100 X 100 ml | P67: =SUMIFS($C$2:$C$7959,$B$2:$B$7959,O67) -> 0
A68: ="AACEO03" -> AACEO03 | B68: Ace One 75 SP 20 X 400 gr | C68: 0 | D68: Pack | E68: 0 | F68: Sinar General Industries, PT | G68: Achephate | H68: C | O68: Adengo SC465 100 X 50 ml | P68: =SUMIFS($C$2:$C$7959,$B$2:$B$7959,O68) -> 0
A69: ="QACEO03" -> QACEO03 | B69: Ace One 75 SP 20 X 400 gr | C69: 0 | D69: Pack | E69: 0 | F69: Sinar General Industries, PT | G69: Achephate | H69: C | O69: Admil 160 SL 20 X 1 ltr | P69: =SUMIFS($C$2:$C$7959,$B$2:$B$7959,O69) -> 0
A70: ="AACEO02" -> AACEO02 | B70: Ace One 75 SP 25 X 400 gr | C70: 0 | D70: Pack | E70: 0 | F70: Sinar General Industries, PT | G70: Achephate | H70: C | O70: Admit 50 WP 200 X 50 gr | P70: =SUMIFS($C$2:$C$7959,$B$2:$B$7959,O70) -> 0
A71: ="AACEO04" -> AACEO04 | B71: Ace-One 75 SP 25 X 400 gr | C71: 0 | D71: Pcs | E71: 0 | F71: Sinar General Industries, PT | O71: Adoca 150 SC 100 X 100 ml | P71: =SUMIFS($C$2:$C$7959,$B$2:$B$7959,O71) -> 0
A72: ="QACEO02" -> QACEO02 | B72: Ace-One 75 SP 25 X 400 gr | C72: 1281 | D72: Pack | E72: 51 | F72: Sinar General Industries, PT | G72: Achephate | H72: C | O72: Adoca 150 SC 100 X 50 ml | P72: =SUMIFS($C$2:$C$7959,$B$2:$B$7959,O72) -> 0
A73: ="QACEO04" -> QACEO04 | B73: Ace-One 75 SP 50 X 100 gr | C73: 473 | D73: Pack | E73: 9 | F73: Sinar General Industries, PT | G73: Achephate | H73: C | O73: Adoca 150 SC 40 X 250 ml | P73: =SUMIFS($C$2:$C$7959,$B$2:$B$7959,O73) -> 0
A74: ="QACEM01" -> QACEM01 | B74: Acemain 75 SP 10 X 8 X 100 gr | C74: 0 | D74: Pack | E74: 0 | F74: Royal Agro Indonesia, PT | G74: Asefat | O74: Adrift 125 EC 40 X 100 ml | P74: =SUMIFS($C$2:$C$7959,$B$2:$B$7959,O74) -> 0
A75: ="AACEM01" -> AACEM01 | B75: Acemain 75 SP 10 X 8 X 100 gr | C75: 0 | D75: Pack | E75: 0 | F75: Royal Agro Indonesia, PT | G75: Asefat | O75: Adrift 125 EC 40 X 250 ml | P75: =SUMIFS($C$2:$C$7959,$B$2:$B$7959,O75) -> 118
A76: ="QACEM02" -> QACEM02 | B76: Acemain 75 SP 20 X 400 gr | C76: 0 | D76: Pack | E76: 0 | F76: Royal Agro Indonesia, PT | G76: Asefat | O76: Adrift 125 EC 50 X 100 ml | P76: =SUMIFS($C$2:$C$7959,$B$2:$B$7959,O76) -> 202
A77: ="AACEM02" -> AACEM02 | B77: Acemain 75 SP 20 X 400 gr | C77: 0 | D77: Pack | E77: 0 | F77: Royal Agro Indonesia, PT | G77: Asefat | O77: Afonil 50 SC 100 X 100 ml | P77: =SUMIFS($C$2:$C$7959,$B$2:$B$7959,O77) -> 1089
A78: ="QACHL01" -> QACHL01 | B78: Achlor 4/36 WP 60 X 100 gr | C78: 0 | D78: Pack | E78: 0 | F78: Advansia Indotani, PT | G78: Metilbensulfuron & Pretilaklor | O78: Afonil 50 SC 100 X 50 ml | P78: =SUMIFS($C$2:$C$7959,$B$2:$B$7959,O78) -> 0
A79: ="QACRO01" -> QACRO01 | B79: Acrobat 50 WP 16 X 20 X 10 gr | C79: 39850 | D79: Pack | E79: 124 | F79: BASF Indonesia, PT | G79: Dimetomorf | O79: Afonil 50 SC 20 X 500 ml | P79: =SUMIFS($C$2:$C$7959,$B$2:$B$7959,O79) -> 245
A80: ="QACRO03" -> QACRO03 | B80: Acrobat 50 WP 20 X 6 X 40 gr | C80: 30748 | D80: Pack | E80: 256 | F80: BASF Indonesia, PT | G80: Dimetomorf | O80: Afonil 50 SC 40 X 250 ml | P80: =SUMIFS($C$2:$C$7959,$B$2:$B$7959,O80) -> 319
A81: ="QACRO02" -> QACRO02 | B81: Acrobat 500 SC 20 ltr | C81: 0 | D81: Pail | E81: 0 | F81: BASF Indonesia, PT | G81: Dimetomorf | O81: Agapro 280 SL 40 X 200 ml | P81: =SUMIFS($C$2:$C$7959,$B$2:$B$7959,O81) -> 241
A82: ="AACRO02" -> AACRO02 | B82: Acrobat WP 16 X 20 X 10 gr | C82: 0 | D82: Pack | E82: 0 | F82: BASF Indonesia, PT | G82: Dimetomorf | O82: Agapro 280 SL 50 X 80 ml | P82: =SUMIFS($C$2:$C$7959,$B$2:$B$7959,O82) -> 500
A83: ="AACRO01" -> AACRO01 | B83: Acrobat WP 20 X 6 X 40 gr | C83: 0 | D83: Pack | E83: 0 | F83: BASF Indonesia, PT | G83: Dimetomorf | O83: Agent 50 SC 40 X 250 ml | P83: =SUMIFS($C$2:$C$7959,$B$2:$B$7959,O83) -> 0
A84: ="QACTA01" -> QACTA01 | B84: Actara WG 4 X 25 X 10 gr | C84: 0 | D84: Pack | E84: 0 | F84: Syngenta Indonesia, PT | G84: Tiametoksan | O84: Agent 50 SC 50 X 100 ml | P84: =SUMIFS($C$2:$C$7959,$B$2:$B$7959,O84) -> 0
A85: ="AACTA01" -> AACTA01 | B85: Actara WG 4 X 25 X 10 gr | C85: 0 | D85: Pack | E85: 0 | F85: Syngenta Indonesia, PT | G85: Tiametoksan | O85: Agil 100 EC 100 X 100 ml | P85: =SUMIFS($C$2:$C$7959,$B$2:$B$7959,O85) -> 0
A86: ="QACTE01" -> QACTE01 | B86: Actellicpro 500 EC 10 X 1 ltr | C86: 0 | D86: Btl | E86: 0 | F86: Syngenta Indonesia, PT | G86: Metil Pirimifos | O86: Agil 100 EC 20 X 400 ml | P86: =SUMIFS($C$2:$C$7959,$B$2:$B$7959,O86) -> 0
A87: ="AACTE01" -> AACTE01 | B87: Actellicpro 500 EC 10 X 1 ltr | C87: 0 | D87: Btl | E87: 0 | F87: Syngenta Indonesia, PT | G87: Metil Pirimifos | O87: Agil 100 EC 40 X 250 ml | P87: =SUMIFS($C$2:$C$7959,$B$2:$B$7959,O87) -> 1540
A88: ="QACTI04" -> QACTI04 | B88: Actigrow 12 X 1 ltr | C88: 0 | D88: Btl | E88: 0 | F88: Agro Natural Technology, PT | G88: Asam Amino, Bahan Organik, Unsur Hara Mikro | H88: B | O88: Agrept 20 WP 120 X 50 gr | P88: =SUMIFS($C$2:$C$7959,$B$2:$B$7959,O88) -> 0
A89: ="AACTI03" -> AACTI03 | B89: Actigrow 20 X 500 ml | C89: 0 | D89: Btl | E89: 0 | O89: Agri-SC 500 ml | P89: =SUMIFS($C$2:$C$7959,$B$2:$B$7959,O89) -> 0
A90: ="QACTI03" -> QACTI03 | B90: Actigrow 20 X 500 ml | C90: 0 | D90: Btl | E90: 0 | F90: Agro Natural Technology, PT | G90: Asam Amino, Bahan Organik, Unsur Hara Mikro | H90: B | O90: Agrical-S 25 kg | P90: =SUMIFS($C$2:$C$7959,$B$2:$B$7959,O90) -> 0
A91: ="AACTI04" -> AACTI04 | B91: Activation 20 X 1 ltr | C91: 0 | D91: Btl | E91: 0 | F91: Petrosida Gresik, PT | O91: Agrical-S 25 kg (S) | P91: =SUMIFS($C$2:$C$7959,$B$2:$B$7959,O91) -> 0
A92: ="QACTI06" -> QACTI06 | B92: Activation 20 X 1 ltr | C92: 932 | D92: Btl | E92: 46 | F92: Petrosida Gresik, PT | H92: C | O92: Agridex 715 EC 12 X 1 ltr | P92: =SUMIFS($C$2:$C$7959,$B$2:$B$7959,O92) -> 11
A93: ="QACTI05" -> QACTI05 | B93: Activation 20 X 500 ml | C93: 2574 | D93: Btl | E93: 128 | F93: Petrosida Gresik, PT | H93: C | O93: Agrifos 400 SL 20 X 500 ml | P93: =SUMIFS($C$2:$C$7959,$B$2:$B$7959,O93) -> 0
A94: ="AACTI01" -> AACTI01 | B94: Active 490 SL 25 X 500 ml | C94: 0 | D94: Btl | E94: 0 | F94: Sinar General Industries, PT | G94: Glifosat | O94: Agrimec 18 EC 100 X 50 ml | P94: =SUMIFS($C$2:$C$7959,$B$2:$B$7959,O94) -> 0
A95: ="QACTI01" -> QACTI01 | B95: Active 490 SL 25 X 500 ml | C95: 0 | D95: Btl | E95: 0 | F95: Sinar General Industries, PT | G95: Glifosat | O95: Agrimec 18 EC 40 X 250 ml | P95: =SUMIFS($C$2:$C$7959,$B$2:$B$7959,O95) -> 7617
A96: ="AACTI02" -> AACTI02 | B96: Active 490 SL 30 X 250 ml | C96: 0 | D96: Btl | E96: 0 | F96: Sinar General Industries, PT | G96: Glifosat | O96: Agrimec 18 EC 50 X 100 ml | P96: =SUMIFS($C$2:$C$7959,$B$2:$B$7959,O96) -> 0
A97: ="QACTI02" -> QACTI02 | B97: Active 490 SL 30 X 250 ml | C97: 0 | D97: Btl | E97: 0 | F97: Sinar General Industries, PT | G97: Glifosat | O97: Agrimore E 20 X 500 gr | P97: =SUMIFS($C$2:$C$7959,$B$2:$B$7959,O97) -> 0
A98: ="QADEM01" -> QADEM01 | B98: Ademo 150 SL 20 X 1 ltr | C98: 0 | D98: Btl | E98: 0 | F98: Sinar General Industries, PT | G98: Amonium Glufosinat | O98: Agrimore K 20 X 500 gr - New | P98: =SUMIFS($C$2:$C$7959,$B$2:$B$7959,O98) -> 0
A99: ="QADEN01" -> QADEN01 | B99: Adengo SC465 100 X 100 ml | C99: 0 | D99: Btl | E99: 0 | F99: Bayer Indonesia, PT | G99: Isoksaflutol & Tienkarbazon metil | O99: Agrimore K 500 gr (Sample) | P99: =SUMIFS($C$2:$C$7959,$B$2:$B$7959,O99) -> 0
A100: ="AADEN01" -> AADEN01 | B100: Adengo SC465 100 X 100 ml | C100: 0 | D100: Btl | E100: 0 | F100: Bayer Indonesia, PT | G100: Isoksaflutol & Tienkarbazon metil | O100: Agrimore N 20 X 500 gr - New | P100: =SUMIFS($C$2:$C$7959,$B$2:$B$7959,O100) -> 0
...

Sheet lot
B2: KODE | C2: DESCRIPTION | D2: QTYLOT | E2: EXP
B3: AABAC03 | C3: Abacel 18 EC 20 X 500 ml | D3: 0 | E3: 47362
B4: AACCO03 | C4: Accora 100 EC 15 X 1 ltr (Sample) | D4: 0 | E4: 45658
B5: AACCU01 | C5: Accu Kayaba Kering 12A - 12 Volt | D5: 1 | E5: 1/1/1000
B6: AADRI02 | C6: Adrift 125 EC 50 X 100 ml | D6: 0 | E6: 45597
B7: AADRI02 | C7: Adrift 125 EC 50 X 100 ml | D7: 0 | E7: 46813
B8: AAFON01 | C8: Afonil 50 SC 40 X 250 ml | D8: 0 | E8: 46631
B9: AAFON01 | C9: Afonil 50 SC 40 X 250 ml | D9: 0 | E9: 46631
B10: AAGRI10 | C10: Agrimore E 20 X 500 gr | D10: 0 | E10: 1/1/1000
B11: AAGRI11 | C11: Agrimore K 20 X 500 gr - New | D11: 0 | E11: 1/1/1000
B12: AAGRI12 | C12: Agrimore N 20 X 500 gr - New | D12: 0 | E12: 1/1/1000
B13: AAGRI13 | C13: Agrimore P 20 X 500 gr | D13: 0 | E13: 1/1/1000
B14: AAGROM01 | C14: Agromil 710 EC 20 X 1 ltr | D14: 0 | E14: 1/1/1000
B15: AAGUS03 | C15: Agus 500 SC 100 X 100 ml | D15: 0 | E15: 46661
B16: AAGUS04 | C16: Agus 500 SC 40 X 250 ml | D16: 0 | E16: 46753
B17: AALAD01 | C17: Aladin 865 SL 20 X 400 ml | D17: 0 | E17: 1/1/1000
B18: AALAT06 | C18: Alat Kocor Pupuk Cair Quda Karisma 20 ltr | D18: 0 | E18: 1/1/1000
B19: AALAT09 | C19: Alat Kocor Pupuk Padat Quda Karisma 25 ltr | D19: 0 | E19: 1/1/1000
B20: AALMI01 | C20: Almix 247 ZC 40 X 250 ml | D20: 0 | E20: 1/1/1000
B21: AAMCO06 | C21: Amcothene 75 SP 25 Kg | D21: 0 | E21: 1/1/1000
B22: AAMCO07 | C22: Amco Up 486 SL 20 X 1 ltr | D22: 0 | E22: 47119
B23: AAMIB01 | C23: Amiboost Anti Stress 20 X 250 ml (Sample) | D23: 0 | E23: 45870
B24: AAMIB02 | C24: Amiboost Generative 20 X 250 ml | D24: 0 | E24: 45870
B25: AAMIB02 | C25: Amiboost Generative 20 X 250 ml | D25: 0 | E25: 45870
B26: AAMIB02 | C26: Amiboost Generative 20 X 250 ml | D26: 0 | E26: 45870
B27: AAMIB03 | C27: Amiboost Vegetative 20 X 250 ml | D27: 0 | E27: 45870
B28: AAMIB03 | C28: Amiboost Vegetative 20 X 250 ml | D28: 0 | E28: 45870
B29: AAMIB03 | C29: Amiboost Vegetative 20 X 250 ml | D29: 0 | E29: 45870
B30: AAMIB05 | C30: Amiboost Vegetative 10 X 1 ltr | D30: 0 | E30: 45992
B31: AAMIB05 | C31: Amiboost Vegetative 10 X 1 ltr | D31: 0 | E31: 46054
B32: AAMIC01 | C32: Amichlor 400 EC 100 ml | D32: 11 | E32: 1/1/1000
B33: AAMIN04 | C33: Aminosong Mango 500 ml (Sample) | D33: 4 | E33: 47150
B34: AAMIS01 | C34: Amistartop 325 SC 100 X 50 ml | D34: 0 | E34: 46508
B35: AAMIS04 | C35: Amistartop 325 SC 50 X 100 ml | D35: 0 | E35: 45778
B36: AAMIS04 | C36: Amistartop 325 SC 50 X 100 ml | D36: 0 | E36: 45778
B37: AAMOL01 | C37: Amolin 300 EC 100 X 100 ml | D37: 60 | E37: 46753
B38: AAMOL01 | C38: Amolin 300 EC 100 X 100 ml | D38: 0 | E38: 46296
B39: AAMOL02 | C39: Amolin 300 EC 40 X 250 ml | D39: 0 | E39: 47849
B40: AAREN02 | C40: Arendi 20/10 WP 20 X 20 X 25 gr | D40: 2 | E40: 46813
B41: AARIZ01 | C41: Arizona 55 EC 80 ml (Sample) | D41: 13 | E41: 1/1/1000
B42: AARIZ03 | C42: Arizona 55 EC 50 X 80 ml | D42: 0 | E42: 45931
B43: AARJU03 | C43: Arjuna 200 EC 50 X 80 ml | D43: 3 | E43: 47270
B44: AARJU04 | C44: Arjuna 200 EC 20 X 250 ml | D44: 0 | E44: 47270
B45: AARMA01 | C45: Arma 52 WP 20 X 500 gr (Sample) | D45: 7 | E45: 45839
B46: AARME01 | C46: Armeira 30 WG 10 X 20 X 50 gr | D46: 0 | E46: 1/1/1000
B47: AARME01 | C47: Armeira 30 WG 10 X 20 X 50 gr | D47: 0 | E47: 45809
B48: AARME01 | C48: Armeira 30 WG 10 X 20 X 50 gr | D48: 0 | E48: 45931
B49: AARTO03 | C49: Artos 100 ml (Sample) | D49: 0 | E49: 1/1/1000
B50: AASAM01 | C50: Asam Amino (Sample) | D50: 7 | E50: 1/1/1000
B51: AASSO05 | C51: Associate 200 SC 50 X 80 ml (Sample) | D51: 646 | E51: 46600
B52: AATON05 | C52: Atonik 6.0 L 15 X 500 ml | D52: 0 | E52: 47484
B53: AATON05 | C53: Atonik 6.0 L 15 X 500 ml | D53: 0 | E53: 47574
B54: AATON05 | C54: Atonik 6.0 L 15 X 500 ml | D54: 0 | E54: 47604
B55: AATON05 | C55: Atonik 6.0 L 15 X 500 ml | D55: 0 | E55: 47270
B56: AATON05 | C56: Atonik 6.0 L 15 X 500 ml | D56: 0 | E56: 47635
B57: AATON05 | C57: Atonik 6.0 L 15 X 500 ml | D57: 0 | E57: 47300
B58: AATON05 | C58: Atonik 6.0 L 15 X 500 ml | D58: 0 | E58: 47392
B59: AATON05 | C59: Atonik 6.0 L 15 X 500 ml | D59: 0 | E59: 47484
B60: AATON05 | C60: Atonik 6.0 L 15 X 500 ml | D60: 0 | E60: 47423
B61: AATON05 | C61: Atonik 6.0 L 15 X 500 ml | D61: 0 | E61: 47849
B62: AATON05 | C62: Atonik 6.0 L 15 X 500 ml | D62: 0 | E62: 47574
... B77: AATON11 | C77: Atonik 6.0 L 50 X 100 ml | D77: 0 | E77: 47453
B78: ABAFI02 | C78: Bafin 3 In 1 18 SL 500 ml | D78: 0 | E78: 1/1/1000
B79: ABAME02 | C79: Bamex 18 EC 50 X 100 ml (M2U) | D79: 0 | E79: 46204
B80: ABAME02 | C80: Bamex 18 EC 50 X 100 ml (M2U) | D80: 0 | E80: 46296
B81: ABAME02 | C81: Bamex 18 EC 50 X 100 ml (M2U) | D81: 100 | E81: 46813
B82: ABAME02 | C82: Bamex 18 EC 50 X 100 ml (M2U) | D82: 0 | E82: 46235
B83: ABAME02 | C83: Bamex 18 EC 50 X 100 ml (M2U) | D83: 0 | E83: 46784
B84: ABAME02 | C84: Bamex 18 EC 50 X 100 ml (M2U) | D84: 0 | E84: 46143
B85: ABASF01 | C85: Basfoliar Klep Premium 20 X 500 ml | D85: 10 | E85: 46753
B86: ABASG01 | C86: Basgent 55 SC 100 X 50 ml | D86: 25 | E86: 47696
B87: ABASR01 | C87: Basrata 150 SL 50 X 250 ml | D87: 0 | E87: 47058
B88: ABASR01 | C88: Basrata 150 SL 50 X 250 ml | D88: 0 | E88: 47331
B89: ABASR02 | C89: Basrata 150 SL 20 X 1 ltr (Sample) | D89: 0 | E89: 47604
B90: ABAST02 | C90: Bas-Tec 276 SL 2 ltr | D90: 1 | E90: 48000
B91: ABATT01 | C91: Battery 12V1, 3AH/20HR | D91: 0 | E91: 1/1/1000
B92: ABATT01 | C92: Battery 12V1, 3AH/20HR | D92: 0 | E92: 1/1/1000
B93: ABAUT01 | C93: Baut Bersayap/Kipas | D93: 100 | E93: 1/1/1000
B94: ABAUT02 | C94: Baut Bintang 17 Lt | D94: 18 | E94: 1/1/1000
B95: ABAUT03 | C95: Baut Kupu-Kupu | D95: 6 | E95: 1/1/1000
B96: ABELL01 | C96: Bellator 265 SC 20 X 100 ml | D96: 0 | E96: 45931
B97: ABELT02 | C97: Belt Yamaha | D97: 9 | E97: 1/1/1000
B98: ABENT04 | C98: Bentpipe No. 45 | D98: 8 | E98: 1/1/1000
B99: ABEST01 | C99: Bestdonk 530 SL 20 X 1 ltr | D99: 0 | E99: 47849
B100: ABESV04 | C100: Besvidor 25 WP 4 X 25 X 100 gr | D100: 0 | E100: 47058
B101: ABESV04 | C101: Besvidor 25 WP 4 X 25 X 100 gr | D101: 5 | E101: 46539
B102: ABETT02 | C102: Better One 40 X 200 ml | D102: 0 | E102: 47088
B103: ABETT02 | C103: Better One 40 X 200 ml | D103: 0 | E103: 47088
B104: ABIOC11 | C104: Biochems Vit B1+B6 25 X 250 ml (Sample) | D104: 0 | E104: 47788
B105: ABION10 | C105: Bionta BSA 100 ml (S) | D105: 99 | E105: 1/1/1000
B106: ABION11 | C106: Bionta45 250 ml (Sample) | D106: 0 | E106: 45597
B107: ABION11 | C107: Bionta45 250 ml (Sample) | D107: 2 | E107: 1/1/1000
B108: ABIOS03 | C108: Biosoft 20 X 500 ml | D108: 0 | E108: 46357
B109: ABITO01 | C109: Bitop 531 SL 20 X 1 Ltr | D109: 0 | E109: 46966
B110: ABLAC01 | C110: Black Rubber Tube | D110: 83 | E110: 1/1/1000
B111: ABLUE03 | C111: Bluezeb 80 WP 20 X 1 kg | D111: 0 | E111: 46143
B112: ABLUE03 | C112: Bluezeb 80 WP 20 X 1 kg | D112: 0 | E112: 46266
B113: ABORE04 | C113: Borer 800 SL 5 ml (S) | D113: 0 | E113: 1/1/1000
B114: ABORO01 | C114: Boron 6 X 200 X 1 gr | D114: 0 | E114: 1/1/1000
B115: ABORO01 | C115: Boron 6 X 200 X 1 gr | D115: 0 | E115: 47453
...

Sheet Sheet3
B1: NM | C1: QTY | J1: LOT | K1: =SUM(K3:K1324) -> 4995493 | N1: =SUM(N3:N1324) -> 6742236 | O1: =SUM(O3:O1324) -> 6742236 | P1: =N1-O1 -> 0.0010000002 | Y1: LOT | Z1: GLOBAL | AA1: COMPARE
M2: Nama Barang | N2: QTY GLOBAL | O2: QTY SISTEM | P2: STATUS
I3: Accu Kayaba Kering 12A - 12 Volt | J3: Accu Kayaba Kering 12A - 12 Volt1/1/1000 | K3: 1 | L3: =VLOOKUP(J3,'[1]stockopname_master_item (11)'!B$2:C$3427,2,0) -> #N/A | M3: A-PlusCal 20 X 250 gr | N3: 1042 | O3: =VLOOKUP(M3,[2]Sheet1!B$2:C$1721,2,0) -> 1042 | P3: =IF(O3-N3=0,"sama","tidak") -> sama | X3: Accu Kayaba Kering 12A - 12 Volt | Y3: 1 | Z3: 1 | AA3: =IF(Y3-Z3=0,"SAMA","TIDAK") -> SAMA | AC3: A-PlusCal 20 X 250 gr47484 | AD3: =VLOOKUP(AC3,$J$3:$K$1324,2,0) -> 2 | AE3: =IF(ISNA(AD3),"0",AD3) -> 2
I4: Adrift 125 EC 50 X 100 ml | J4: Adrift 125 EC 50 X 100 ml46813 | K4: 202 | L4: =VLOOKUP(J4,'[1]stockopname_master_item (11)'!B$2:C$3427,2,0) -> #N/A | M4: ACL 6 865 SL 50 X 200 ml | N4: 141 | O4: =VLOOKUP(M4,[2]Sheet1!B$2:C$1721,2,0) -> 141 | P4: =IF(O4-N4=0,"sama","tidak") -> sama | X4: Adrift 125 EC 50 X 100 ml | Y4: 202 | Z4: 202 | AA4: =IF(Y4-Z4=0,"SAMA","TIDAK") -> SAMA | AC4: A-PlusCal 20 X 250 gr47908 | AD4: =VLOOKUP(AC4,$J$3:$K$1324,2,0) -> 1040 | AE4: =IF(ISNA(AD4),"0",AD4) -> 1040
I5: Alat Kocor Pupuk Cair Quda Karisma 20 ltr | J5: Alat Kocor Pupuk Cair Quda Karisma 20 ltr1/1/1000 | K5: 258 | L5: =VLOOKUP(J5,'[1]stockopname_master_item (11)'!B$2:C$3427,2,0) -> #N/A | M5: Abacel 18 EC 10 X 1 ltr | N5: 1 | O5: =VLOOKUP(M5,[2]Sheet1!B$2:C$1721,2,0) -> 1 | P5: =IF(O5-N5=0,"sama","tidak") -> sama | X5: Alat Kocor Pupuk Cair Quda Karisma 20 ltr | Y5: 258 | Z5: 258 | AA5: =IF(Y5-Z5=0,"SAMA","TIDAK") -> SAMA | AC5: Abacel 18 EC 10 X 1 ltr46813 | AD5: =VLOOKUP(AC5,$J$3:$K$1324,2,0) -> #N/A | AE5: =IF(ISNA(AD5),"0",AD5) -> 0
I6: Alat Kocor Pupuk Padat Quda Karisma 25 ltr | J6: Alat Kocor Pupuk Padat Quda Karisma 25 ltr1/1/1000 | K6: 360 | L6: =VLOOKUP(J6,'[1]stockopname_master_item (11)'!B$2:C$3427,2,0) -> #N/A | M6: Abacel 18 EC 20 X 500 ml | N6: 8730 | O6: =VLOOKUP(M6,[2]Sheet1!B$2:C$1721,2,0) -> 8730 | P6: =IF(O6-N6=0,"sama","tidak") -> sama | X6: Alat Kocor Pupuk Padat Quda Karisma 25 ltr | Y6: 360 | Z6: 360 | AA6: =IF(Y6-Z6=0,"SAMA","TIDAK") -> SAMA | AC6: Abacel 18 EC 10 X 1 ltr46874 | AD6: =VLOOKUP(AC6,$J$3:$K$1324,2,0) -> #N/A | AE6: =IF(ISNA(AD6),"0",AD6) -> 0
I7: Amco Up 486 SL 20 X 1 ltr | J7: Amco Up 486 SL 20 X 1 ltr47119 | K7: 6 | L7: =VLOOKUP(J7,'[1]stockopname_master_item (11)'!B$2:C$3427,2,0) -> #N/A | M7: Abacel 18 EC 40 X 250 ml | N7: 12653 | O7: =VLOOKUP(M7,[2]Sheet1!B$2:C$1721,2,0) -> 12653 | P7: =IF(O7-N7=0,"sama","tidak") -> sama | X7: Amco Up 486 SL 20 X 1 ltr | Y7: 6538 | Z7: 6538 | AA7: =IF(Y7-Z7=0,"SAMA","TIDAK") -> SAMA | AC7: Abacel 18 EC 10 X 1 ltr46905 | AD7: =VLOOKUP(AC7,$J$3:$K$1324,2,0) -> 1 | AE7: =IF(ISNA(AD7),"0",AD7) -> 1
I8: Amichlor 400 EC 100 ml | J8: Amichlor 400 EC 100 ml1/1/1000 | K8: 11 | L8: =VLOOKUP(J8,'[1]stockopname_master_item (11)'!B$2:C$3427,2,0) -> #N/A | M8: Abacel 18 EC 50 X 100 ml | N8: 2999 | O8: =VLOOKUP(M8,[2]Sheet1!B$2:C$1721,2,0) -> 2999 | P8: =IF(O8-N8=0,"sama","tidak") -> sama | X8: Amichlor 400 EC 100 ml | Y8: 11 | Z8: 11 | AA8: =IF(Y8-Z8=0,"SAMA","TIDAK") -> SAMA | AC8: Abacel 18 EC 10 X 1 ltr46935 | AD8: =VLOOKUP(AC8,$J$3:$K$1324,2,0) -> #N/A | AE8: =IF(ISNA(AD8),"0",AD8) -> 0
I9: Aminosong Mango 500 ml (Sample) | J9: Aminosong Mango 500 ml (Sample)47150 | K9: 4 | L9: =VLOOKUP(J9,'[1]stockopname_master_item (11)'!B$2:C$3427,2,0) -> #N/A | M9: Abado 50 WP 20 X 6 X 40 gr | N9: 480 | O9: =VLOOKUP(M9,[2]Sheet1!B$2:C$1721,2,0) -> 480 | P9: =IF(O9-N9=0,"sama","tidak") -> sama | X9: Aminosong Mango 500 ml (Sample) | Y9: 4 | Z9: 4 | AA9: =IF(Y9-Z9=0,"SAMA","TIDAK") -> SAMA | AC9: Abacel 18 EC 10 X 1 ltr47027 | AD9: =VLOOKUP(AC9,$J$3:$K$1324,2,0) -> #N/A | AE9: =IF(ISNA(AD9),"0",AD9) -> 0
I10: Amolin 300 EC 100 X 100 ml | J10: Amolin 300 EC 100 X 100 ml46753 | K10: 2590 | L10: =VLOOKUP(J10,'[1]stockopname_master_item (11)'!B$2:C$3427,2,0) -> #N/A | M10: Abenz 22 EC 100 X 100 ml | N10: 80 | O10: =VLOOKUP(M10,[2]Sheet1!B$2:C$1721,2,0) -> 80 | P10: =IF(O10-N10=0,"sama","tidak") -> sama | X10: Amolin 300 EC 100 X 100 ml | Y10: 4890 | Z10: 4890 | AA10: =IF(Y10-Z10=0,"SAMA","TIDAK") -> SAMA | AC10: Abacel 18 EC 10 X 1 ltr47150 | AD10: =VLOOKUP(AC10,$J$3:$K$1324,2,0) -> #N/A | AE10: =IF(ISNA(AD10),"0",AD10) -> 0
I11: Amolin 300 EC 40 X 250 ml | J11: Amolin 300 EC 40 X 250 ml47849 | K11: 35 | L11: =VLOOKUP(J11,'[1]stockopname_master_item (11)'!B$2:C$3427,2,0) -> #N/A | M11: Abenz 22 EC 40 X 250 ml | N11: 3624 | O11: =VLOOKUP(M11,[2]Sheet1!B$2:C$1721,2,0) -> 3624 | P11: =IF(O11-N11=0,"sama","tidak") -> sama | X11: Amolin 300 EC 40 X 250 ml | Y11: 616 | Z11: 616 | AA11: =IF(Y11-Z11=0,"SAMA","TIDAK") -> SAMA | AC11: Abacel 18 EC 20 X 500 ml46935 | AD11: =VLOOKUP(AC11,$J$3:$K$1324,2,0) -> #N/A | AE11: =IF(ISNA(AD11),"0",AD11) -> 0
I12: Arendi 20/10 WP 20 X 20 X 25 gr | J12: Arendi 20/10 WP 20 X 20 X 25 gr46813 | K12: 2 | L12: =VLOOKUP(J12,'[1]stockopname_master_item (11)'!B$2:C$3427,2,0) -> #N/A | M12: Abojo 60 WP 10 X 20 X 50 gr | N12: 32993 | O12: =VLOOKUP(M12,[2]Sheet1!B$2:C$1721,2,0) -> 32993 | P12: =IF(O12-N12=0,"sama","tidak") -> sama | X12: Arendi 20/10 WP 20 X 20 X 25 gr | Y12: 3805 | Z12: 3805 | AA12: =IF(Y12-Z12=0,"SAMA","TIDAK") -> SAMA | AC12: Abacel 18 EC 20 X 500 ml47027 | AD12: =VLOOKUP(AC12,$J$3:$K$1324,2,0) -> #N/A | AE12: =IF(ISNA(AD12),"0",AD12) -> 0
I13: Arizona 55 EC 80 ml (Sample) | J13: Arizona 55 EC 80 ml (Sample)1/1/1000 | K13: 13 | L13: =VLOOKUP(J13,'[1]stockopname_master_item (11)'!B$2:C$3427,2,0) -> #N/A | M13: Abojo 60 WP 100 X 100 gr | N13: 1000 | O13: =VLOOKUP(M13,[2]Sheet1!B$2:C$1721,2,0) -> 1000 | P13: =IF(O13-N13=0,"sama","tidak") -> sama | X13: Arizona 55 EC 80 ml (Sample) | Y13: 13 | Z13: 13 | AA13: =IF(Y13-Z13=0,"SAMA","TIDAK") -> SAMA | AC13: Abacel 18 EC 20 X 500 ml47119 | AD13: =VLOOKUP(AC13,$J$3:$K$1324,2,0) -> #N/A | AE13: =IF(ISNA(AD13),"0",AD13) -> 0
I14: Arjuna 200 EC 50 X 80 ml | J14: Arjuna 200 EC 50 X 80 ml47270 | K14: 3 | L14: =VLOOKUP(J14,'[1]stockopname_master_item (11)'!B$2:C$3427,2,0) -> #N/A | M14: Acapela System 280 SC 50 X 100 ml | N14: 19204 | O14: =VLOOKUP(M14,[2]Sheet1!B$2:C$1721,2,0) -> 19204 | P14: =IF(O14-N14=0,"sama","tidak") -> sama | X14: Arjuna 200 EC 50 X 80 ml | Y14: 3 | Z14: 3 | AA14: =IF(Y14-Z14=0,"SAMA","TIDAK") -> SAMA | AC14: Abacel 18 EC 20 X 500 ml47178 | AD14: =VLOOKUP(AC14,$J$3:$K$1324,2,0) -> 8730 | AE14: =IF(ISNA(AD14),"0",AD14) -> 8730
... I346: Alika 247 ZC 50 X 100 ml | J346: Alika 247 ZC 50 X 100 ml46692 | K346: 7080 | L346: =VLOOKUP(J346,'[1]stockopname_master_item (11)'!B$2:C$3427,2,0) -> #N/A | M346: Ever Green Asam Amino 30 X 500 ml | N346: 4 | O346: =VLOOKUP(M346,[2]Sheet1!B$2:C$1721,2,0) -> 4 | P346: =IF(O346-N346=0,"sama","tidak") -> sama | X346: Bactocyn 150 AL 100 X 100 ml | Y346: 316 | Z346: 316 | AA346: =IF(Y346-Z346=0,"SAMA","TIDAK") -> SAMA | AC346: Beka Biang Kompos 25 X 250 ml44256 | AD346: =VLOOKUP(AC346,$J$3:$K$1324,2,0) -> #N/A | AE346: =IF(ISNA(AD346),"0",AD346) -> 0
I347: Alika 247 ZC 50 X 100 ml | J347: Alika 247 ZC 50 X 100 ml46722 | K347: 4350 | L347: =VLOOKUP(J347,'[1]stockopname_master_item (11)'!B$2:C$3427,2,0) -> #N/A | M347: Ever Green Asam Amino 40 X 250 ml | N347: 1909 | O347: =VLOOKUP(M347,[2]Sheet1!B$2:C$1721,2,0) -> 1909 | P347: =IF(O347-N347=0,"sama","tidak") -> sama | X347: Bag Jagung Q235 - 1 kg | Y347: 46374 | Z347: 64062 | AA347: =IF(Y347-Z347=0,"SAMA","TIDAK") -> TIDAK | AB347: supp | AC347: Bellator 265 SC 25 X 200 ml46813 | AD347: =VLOOKUP(AC347,$J$3:$K$1324,2,0) -> 95 | AE347: =IF(ISNA(AD347),"0",AD347) -> 95
I348: Almix 141/106 SC 50 X 100 ml | J348: Almix 141/106 SC 50 X 100 ml47515 | K348: 440 | L348: =VLOOKUP(J348,'[1]stockopname_master_item (11)'!B$2:C$3427,2,0) -> #N/A | M348: Ever Green Asam Humat 20 X 1 ltr | N348: 511 | O348: =VLOOKUP(M348,[2]Sheet1!B$2:C$1721,2,0) -> 511 | P348: =IF(O348-N348=0,"sama","tidak") -> sama | X348: Bag NPK Novatec 5 Kg | Y348: 43777 | Z348: 43777 | AA348: =IF(Y348-Z348=0,"SAMA","TIDAK") -> SAMA | AC348: Belt Expert 480 SC 20 X 250 ml46844 | AD348: =VLOOKUP(AC348,$J$3:$K$1324,2,0) -> #N/A | AE348: =IF(ISNA(AD348),"0",AD348) -> 0
I349: Almix 141/106 SC 40 X 250 ml | J349: Almix 141/106 SC 40 X 250 ml47696 | K349: 955 | L349: =VLOOKUP(J349,'[1]stockopname_master_item (11)'!B$2:C$3427,2,0) -> #N/A | M349: Ever Green Asam Humat 30 X 500 ml | N349: 571 | O349: =VLOOKUP(M349,[2]Sheet1!B$2:C$1721,2,0) -> 571 | P349: =IF(O349-N349=0,"sama","tidak") -> sama | X349: Bahsan 650 EC 100 X 80 ml | Y349: 891 | Z349: 891 | AA349: =IF(Y349-Z349=0,"SAMA","TIDAK") -> SAMA | AC349: Belt Expert 480 SC 20 X 250 ml46966 | AD349: =VLOOKUP(AC349,$J$3:$K$1324,2,0) -> #N/A | AE349: =IF(ISNA(AD349),"0",AD349) -> 0
I350: Almix 141/106 SC 20 X 500 ml | J350: Almix 141/106 SC 20 X 500 ml47696 | K350: 100 | L350: =VLOOKUP(J350,'[1]stockopname_master_item (11)'!B$2:C$3427,2,0) -> #N/A | M350: Ever Green Asam Humat 40 X 250 ml (Sample) | N350: 40 | O350: =VLOOKUP(M350,[2]Sheet1!B$2:C$1721,2,0) -> 40 | P350: =IF(O350-N350=0,"sama","tidak") -> sama | X350: Bahsan 650 EC 50 X 200 ml | Y350: 558 | Z350: 558 | AA350: =IF(Y350-Z350=0,"SAMA","TIDAK") -> SAMA | AC350: Belt Expert 480 SC 20 X 250 ml47178 | AD350: =VLOOKUP(AC350,$J$3:$K$1324,2,0) -> #N/A | AE350: =IF(ISNA(AD350),"0",AD350) -> 0
I351: Amabas 500 EC 16 X 1 ltr | J351: Amabas 500 EC 16 X 1 ltr47880 | K351: 11 | L351: =VLOOKUP(J351,'[1]stockopname_master_item (11)'!B$2:C$3427,2,0) -> #N/A | M351: Fan Nozzle | N351: 25 | O351: =VLOOKUP(M351,[2]Sheet1!B$2:C$1721,2,0) -> 25 | P351: =IF(O351-N351=0,"sama","tidak") -> sama | X351: Baledo 250/50 SC 40 X 100 ml | Y351: 560 | Z351: 560 | AA351: =IF(Y351-Z351=0,"SAMA","TIDAK") -> SAMA | AC351: Belt Yamaha1/1/1000 | AD351: =VLOOKUP(AC351,$J$3:$K$1324,2,0) -> 9 | AE351: =IF(ISNA(AD351),"0",AD351) -> 9
I352: Amabas 500 EC 20 X 400 ml | J352: Amabas 500 EC 20 X 400 ml47908 | K352: 12 | L352: =VLOOKUP(J352,'[1]stockopname_master_item (11)'!B$2:C$3427,2,0) -> #N/A | M352: Fargo 70 WP 20 X 500 gr | N352: 100 | O352: =VLOOKUP(M352,[2]Sheet1!B$2:C$1721,2,0) -> 100 | P352: =IF(O352-N352=0,"sama","tidak") -> sama | X352: Bamex 18 EC 100 X 50 ml (M2U) | Y352: 4158 | Z352: 4158 | AA352: =IF(Y352-Z352=0,"SAMA","TIDAK") -> SAMA | AC352: Ben Up 480 SL 20 ltr + 20 Pack Metaben 20 WG-5gr47849 | AD352: =VLOOKUP(AC352,$J$3:$K$1324,2,0) -> #N/A | AE352: =IF(ISNA(AD352),"0",AD352) -> 0
I353: Amabas 500 EC 20 X 400 ml | J353: Amabas 500 EC 20 X 400 ml47969 | K353: 1540 | L353: =VLOOKUP(J353,'[1]stockopname_master_item (11)'!B$2:C$3427,2,0) -> #N/A | M353: Fargo 70 WP 40 X 250 gr | N353: 140 | O353: =VLOOKUP(M353,[2]Sheet1!B$2:C$1721,2,0) -> 140 | P353: =IF(O353-N353=0,"sama","tidak") -> sama | X353: Bamex 18 EC 20 X 200 ml (M2U) | Y353: 285 | Z353: 285 | AA353: =IF(Y353-Z353=0,"SAMA","TIDAK") -> SAMA | AC353: Ben Up 480 SL 20 X 1 ltr + 1 Pack Metaben 20 WG-5gr47849 | AD353: =VLOOKUP(AC353,$J$3:$K$1324,2,0) -> #N/A | AE353: =IF(ISNA(AD353),"0",AD353) -> 0
I354: Ambest 100 ME 50 X 100 ml | J354: Ambest 100 ME 50 X 100 ml47270 | K354: 270 | L354: =VLOOKUP(J354,'[1]stockopname_master_item (11)'!B$2:C$3427,2,0) -> #N/A | M354: Fenprozole 500 EC 48 X 240 ml | N354: 576 | O354: =VLOOKUP(M354,[2]Sheet1!B$2:C$1721,2,0) -> 576 | P354: =IF(O354-N354=0,"sama","tidak") -> sama | X354: Basfoliar Combi Stipp 20 X 500 ml | Y354: 1460 | Z354: 1460 | AA354: =IF(Y354-Z354=0,"SAMA","TIDAK") -> SAMA | AC354: Ben Up 480 SL 4 X 5 ltr + 5 Pack Metaben 20 WG-5gr47849 | AD354: =VLOOKUP(AC354,$J$3:$K$1324,2,0) -> #N/A | AE354: =IF(ISNA(AD354),"0",AD354) -> 0
I355: Ambest 100 ME 40 X 250 ml | J355: Ambest 100 ME 40 X 250 ml47270 | K355: 250 | L355: =VLOOKUP(J355,'[1]stockopname_master_item (11)'!B$2:C$3427,2,0) -> #N/A | M355: Fentolin 200 EC 20 X 500 ml | N355: 904 | O355: =VLOOKUP(M355,[2]Sheet1!B$2:C$1721,2,0) -> 904 | P355: =IF(O355-N355=0,"sama","tidak") -> sama | X355: Basgent 55 SC 50 X 100 ml | Y355: 2964 | Z355: 2964 | AA355: =IF(Y355-Z355=0,"SAMA","TIDAK") -> SAMA | AC355: Benabel Plus 120/35 SC 48 X 250 ml47818 | AD355: =VLOOKUP(AC355,$J$3:$K$1324,2,0) -> #N/A | AE355: =IF(ISNA(AD355),"0",AD355) -> 0
I356: Amco Up 486 SL 20 X 1 ltr | J356: Amco Up 486 SL 20 X 1 ltr47058 | K356: 6527 | L356: =VLOOKUP(J356,'[1]stockopname_master_item (11)'!B$2:C$3427,2,0) -> #N/A | M356: Fenval 200 EC 15 X 1 ltr | N356: 764 | O356: =VLOOKUP(M356,[2]Sheet1!B$2:C$1721,2,0) -> 764 | P356: =IF(O356-N356=0,"sama","tidak") -> sama | X356: Basgent 55 SC 50 X 250 ml | Y356: 1971 | Z356: 1971 | AA356: =IF(Y356-Z356=0,"SAMA","TIDAK") -> SAMA | AC356: Benabel Plus 120/35 SC 48 X 250 ml47880 | AD356: =VLOOKUP(AC356,$J$3:$K$1324,2,0) -> 65 | AE356: =IF(ISNA(AD356),"0",AD356) -> 65
I357: Amco Up 486 SL 20 X 1 ltr | J357: Amco Up 486 SL 20 X 1 ltr47150 | K357: 5 | L357: =VLOOKUP(J357,'[1]stockopname_master_item (11)'!B$2:C$3427,2,0) -> #N/A | M357: Fenval 200 EC 20 X 250 ml | N357: 3340 | O357: =VLOOKUP(M357,[2]Sheet1!B$2:C$1721,2,0) -> 3340 | P357: =IF(O357-N357=0,"sama","tidak") -> sama | X357: Basgent 55 SC 20 X 500 ml | Y357: 505 | Z357: 505 | AA357: =IF(Y357-Z357=0,"SAMA","TIDAK") -> SAMA | AC357: Benabel Plus 120/35 SC 48 X 250 ml47908 | AD357: =VLOOKUP(AC357,$J$3:$K$1324,2,0) -> 1344 | AE357: =IF(ISNA(AD357),"0",AD357) -> 1344
I358: Amegu 200 SL 20 X 1 ltr | J358: Amegu 200 SL 20 X 1 ltr47757 | K358: 16 | L358: =VLOOKUP(J358,'[1]stockopname_master_item (11)'!B$2:C$3427,2,0) -> #N/A | M358: Fenval 200 EC 20 X 500 ml | N358: 17130 | O358: =VLOOKUP(M358,[2]Sheet1!B$2:C$1721,2,0) -> 17130 | P358: =IF(O358-N358=0,"sama","tidak") -> sama | X358: Basrata 150 SL 20 X 500 ml | Y358: 19 | Z358: 19 | AA358: =IF(Y358-Z358=0,"SAMA","TIDAK") -> SAMA | AC358: Benabel Plus 120/35 SC 64 X 100 ml47818 | AD358: =VLOOKUP(AC358,$J$3:$K$1324,2,0) -> 34 | AE358: =IF(ISNA(AD358),"0",AD358) -> 34
I359: Amegu 200 SL 20 X 1 ltr | J359: Amegu 200 SL 20 X 1 ltr47939 | K359: 2640 | L359: =VLOOKUP(J359,'[1]stockopname_master_item (11)'!B$2:C$3427,2,0) -> #N/A | M359: Fenval 200 EC 50 X 100 ml | N359: 5099 | O359: =VLOOKUP(M359,[2]Sheet1!B$2:C$1721,2,0) -> 5099 | P359: =IF(O359-N359=0,"sama","tidak") -> sama | X359: Basrata 150 SL 20 X 1 ltr | Y359: 1728 | Z359: 1728 | AA359: =IF(Y359-Z359=0,"SAMA","TIDAK") -> SAMA | AC359: Benang Pe mlg1/1/1000 | AD359: =VLOOKUP(AC359,$J$3:$K$1324,2,0) -> 3775 | AE359: =IF(ISNA(AD359),"0",AD359) -> 3775
... I374: Ampang 240 SL 20 X 1 ltr | J374: Ampang 240 SL 20 X 1 ltr47880 | K374: 1440 | L374: =VLOOKUP(J374,'[1]stockopname_master_item (11)'!B$2:C$3427,2,0) -> #N/A | M374: Fortune 250 ml | N374: 5 | O374: =VLOOKUP(M374,[2]Sheet1!B$2:C$1721,2,0) -> 5 | P374: =IF(O374-N374=0,"sama","tidak") -> sama | X374: Betasticker 80 X 30 ml | Y374: 320 | Z374: 320 | AA374: =IF(Y374-Z374=0,"SAMA","TIDAK") -> SAMA | AC374: Bestar 200 SL 20 X 1 ltr47969 | AD374: =VLOOKUP(AC374,$J$3:$K$1324,2,0) -> 5540 | AE374: =IF(ISNA(AD374),"0",AD374) -> 5540
I375: Amuron 70 EC 100 X 100 ml | J375: Amuron 70 EC 100 X 100 ml46600 | K375: 13 | L375: =VLOOKUP(J375,'[1]stockopname_master_item (11)'!B$2:C$3427,2,0) -> #N/A | M375: Fost Up 486 SL 20 X 1 ltr + 1 pack Pilly 5 gr | N375: 2860 | O375: =VLOOKUP(M375,[2]Sheet1!B$2:C$1721,2,0) -> 2860 | P375: =IF(O375-N375=0,"sama","tidak") -> sama | X375: Biggrow 20 WP 6 X 50 X 5 gr | Y375: 193047 | Z375: 191350 | AA375: =IF(Y375-Z375=0,"SAMA","TIDAK") -> TIDAK | AB375: x | AC375: Bestdonk 530 SL 20 X 1 ltr47849 | AD375: =VLOOKUP(AC375,$J$3:$K$1324,2,0) -> #N/A | AE375: =IF(ISNA(AD375),"0",AD375) -> 0
I376: Amuron 70 EC 40 X 250 ml | J376: Amuron 70 EC 40 X 250 ml47849 | K376: 235 | L376: =VLOOKUP(J376,'[1]stockopname_master_item (11)'!B$2:C$3427,2,0) -> #N/A | M376: Fruitka 50%K2O - 18%S 10 X 1 kg | N376: 137 | O376: =VLOOKUP(M376,[2]Sheet1!B$2:C$1721,2,0) -> 137 | P376: =IF(O376-N376=0,"sama","tidak") -> sama | X376: Biochems Vit B1+B6 20 X 1 ltr | Y376: 152 | Z376: 152 | AA376: =IF(Y376-Z376=0,"SAMA","TIDAK") -> SAMA | AC376: Besvidor 25 WP 4 X 25 X 100 gr46539 | AD376: =VLOOKUP(AC376,$J$3:$K$1324,2,0) -> 5 | AE376: =IF(ISNA(AD376),"0",AD376) -> 5
I377: Android 72 EC 20 X 400 ml | J377: Android 72 EC 20 X 400 ml46631 | K377: 400 | L377: =VLOOKUP(J377,'[1]stockopname_master_item (11)'!B$2:C$3427,2,0) -> #N/A | M377: Futay-1 (Padi) 10 X 1 ltr | N377: 980 | O377: =VLOOKUP(M377,[2]Sheet1!B$2:C$1721,2,0) -> 980 | P377: =IF(O377-N377=0,"sama","tidak") -> sama | X377: Biochems Vit B1+B6 30 X 500 ml | Y377: 760 | Z377: 760 | AA377: =IF(Y377-Z377=0,"SAMA","TIDAK") -> SAMA | AC377: Betasticker 80 X 30 ml1/1/1000 | AD377: =VLOOKUP(AC377,$J$3:$K$1324,2,0) -> 320 | AE377: =IF(ISNA(AD377),"0",AD377) -> 320
I378: Aneto 50 EC 50 X 100 ml | J378: Aneto 50 EC 50 X 100 ml47270 | K378: 1000 | L378: =VLOOKUP(J378,'[1]stockopname_master_item (11)'!B$2:C$3427,2,0) -> #N/A | M378: Futay-1 (Padi) 10 X 1 ltr + Kaos | N378: 261 | O378: =VLOOKUP(M378,[2]Sheet1!B$2:C$1721,2,0) -> 261 | P378: =IF(O378-N378=0,"sama","tidak") -> sama | X378: Biochems Vit B1+B6 40 X 250 ml | Y378: 855 | Z378: 855 | AA378: =IF(Y378-Z378=0,"SAMA","TIDAK") -> SAMA | AC378: Biggrow 20 WP 6 X 50 X 5 gr47849 | AD378: =VLOOKUP(AC378,$J$3:$K$1324,2,0) -> 1500 | AE378: =IF(ISNA(AD378),"0",AD378) -> 1500
I379: Aneto 50 EC 50 X 100 ml | J379: Aneto 50 EC 50 X 100 ml46508 | K379: 4 | L379: =VLOOKUP(J379,'[1]stockopname_master_item (11)'!B$2:C$3427,2,0) -> #N/A | M379: Futay-1 (Padi) 30 X 500 ml | N379: 2850 | O379: =VLOOKUP(M379,[2]Sheet1!B$2:C$1721,2,0) -> 2850 | P379: =IF(O379-N379=0,"sama","tidak") -> sama | X379: Bion M 1/48 WP 20 X 500 gr | Y379: 2880 | Z379: 2880 | AA379: =IF(Y379-Z379=0,"SAMA","TIDAK") -> SAMA | AC379: Biggrow 20 WP 6 X 50 X 5 gr48214 | AD379: =VLOOKUP(AC379,$J$3:$K$1324,2,0) -> 191547 | AE379: =IF(ISNA(AD379),"0",AD379) -> 191547
I380: Aneto 50 EC 30 X 500 ml + 2 pcs Neptune 8 gr | J380: Aneto 50 EC 30 X 500 ml + 2 pcs Neptune 8 gr46997 | K380: 794 | L380: =VLOOKUP(J380,'[1]stockopname_master_item (11)'!B$2:C$3427,2,0) -> #N/A | M380: Futay-1 (Padi) 50 X 100 ml KARISMA (Sample) | N380: 139 | O380: =VLOOKUP(M380,[2]Sheet1!B$2:C$1721,2,0) -> 139 | P380: =IF(O380-N380=0,"sama","tidak") -> sama | X380: Bionik 400 EC 20 X 500 ml | Y380: 2441 | Z380: 2441 | AA380: =IF(Y380-Z380=0,"SAMA","TIDAK") -> SAMA | AC380: Biochem Umum 30 X 500 ml1/1/1000 | AD380: =VLOOKUP(AC380,$J$3:$K$1324,2,0) -> #N/A | AE380: =IF(ISNA(AD380),"0",AD380) -> 0
I381: Aneto 50 EC 50 X 250 ml + 1 pcs Neptune 8 gr | J381: Aneto 50 EC 50 X 250 ml + 1 pcs Neptune 8 gr46874 | K381: 641 | L381: =VLOOKUP(J381,'[1]stockopname_master_item (11)'!B$2:C$3427,2,0) -> #N/A | M381: Futay-1 30 X 500 ml | N381: 203 | O381: =VLOOKUP(M381,[2]Sheet1!B$2:C$1721,2,0) -> 203 | P381: =IF(O381-N381=0,"sama","tidak") -> sama | X381: Bionik 400 EC 50 X 100 ml | Y381: 4309 | Z381: 4309 | AA381: =IF(Y381-Z381=0,"SAMA","TIDAK") -> SAMA | AC381: Biochem Umum 30 X 500 ml47696 | AD381: =VLOOKUP(AC381,$J$3:$K$1324,2,0) -> #N/A | AE381: =IF(ISNA(AD381),"0",AD381) -> 0
I382: Antramix 30/22.5 SG 100 X 100 gr | J382: Antramix 30/22.5 SG 100 X 100 gr46539 | K382: 993 | L382: =VLOOKUP(J382,'[1]stockopname_master_item (11)'!B$2:C$3427,2,0) -> #N/A | M382: Futay-1 50 X 100 ml | N382: 247 | O382: =VLOOKUP(M382,[2]Sheet1!B$2:C$1721,2,0) -> 247 | P382: =IF(O382-N382=0,"sama","tidak") -> sama | X382: Biosoft 20 X 1 ltr | Y382: 64 | Z382: 64 | AA382: =IF(Y382-Z382=0,"SAMA","TIDAK") -> SAMA | AC382: Biochems Vit B1+B6 20 X 1 ltr47757 | AD382: =VLOOKUP(AC382,$J$3:$K$1324,2,0) -> #N/A | AE382: =IF(ISNA(AD382),"0",AD382) -> 0
I383: A-PlusCal 20 X 250 gr | J383: A-PlusCal 20 X 250 gr47484 | K383: 2 | L383: =VLOOKUP(J383,'[1]stockopname_master_item (11)'!B$2:C$3427,2,0) -> #N/A | M383: Futay-1 50 X 250 ml | N383: 4476 | O383: =VLOOKUP(M383,[2]Sheet1!B$2:C$1721,2,0) -> 4476 | P383: =IF(O383-N383=0,"sama","tidak") -> sama | X383: Biosoft 50 X 100 ml | Y383: 110 | Z383: 110 | AA383: =IF(Y383-Z383=0,"SAMA","TIDAK") -> SAMA | AC383: Biochems Vit B1+B6 20 X 1 ltr47818 | AD383: =VLOOKUP(AC383,$J$3:$K$1324,2,0) -> 152 | AE383: =IF(ISNA(AD383),"0",AD383) -> 152
I384: A-PlusCal 20 X 250 gr | J384: A-PlusCal 20 X 250 gr47908 | K384: 1040 | L384: =VLOOKUP(J384,'[1]stockopname_master_item (11)'!B$2:C$3427,2,0) -> #N/A | M384: Futay-2 (Jagung) 10 X 1 ltr | N384: 90 | O384: =VLOOKUP(M384,[2]Sheet1!B$2:C$1721,2,0) -> 90 | P384: =IF(O384-N384=0,"sama","tidak") -> sama | X384: Blacer Booster Buah 25.79 L 24 X 500 ml | Y384: 984 | Z384: 984 | AA384: =IF(Y384-Z384=0,"SAMA","TIDAK") -> SAMA | AC384: Biochems Vit B1+B6 25 X 250 ml (Sample)47788 | AD384: =VLOOKUP(AC384,$J$3:$K$1324,2,0) -> #N/A | AE384: =IF(ISNA(AD384),"0",AD384) -> 0
I385: Applaud 10 WP 20 X 5 X 100 gr | J385: Applaud 10 WP 20 X 5 X 100 gr47574 | K385: 48 | L385: =VLOOKUP(J385,'[1]stockopname_master_item (11)'!B$2:C$3427,2,0) -> #N/A | M385: Futay-2 (Jagung) 10 X 1 ltr + Kaos | N385: 180 | O385: =VLOOKUP(M385,[2]Sheet1!B$2:C$1721,2,0) -> 180 | P385: =IF(O385-N385=0,"sama","tidak") -> sama | X385: Blacer Booster Daun 16.85 L 24 X 500 ml | Y385: 1362 | Z385: 1362 | AA385: =IF(Y385-Z385=0,"SAMA","TIDAK") -> SAMA | AC385: Biochems Vit B1+B6 30 X 500 ml47543 | AD385: =VLOOKUP(AC385,$J$3:$K$1324,2,0) -> 143 | AE385: =IF(ISNA(AD385),"0",AD385) -> 143
I386: Arcanate 40/160 SC 40 X 250 ml | J386: Arcanate 40/160 SC 40 X 250 ml47209 | K386: 40 | L386: =VLOOKUP(J386,'[1]stockopname_master_item (11)'!B$2:C$3427,2,0) -> #N/A | M386: Futay-2 (Jagung) 30 X 500 ml | N386: 1158 | O386: =VLOOKUP(M386,[2]Sheet1!B$2:C$1721,2,0) -> 1158 | P386: =IF(O386-N386=0,"sama","tidak") -> sama | X386: Blast 200 SC 20 X 500 ml | Y386: 10 | Z386: 10 | AA386: =IF(Y386-Z386=0,"SAMA","TIDAK") -> SAMA | AC386: Biochems Vit B1+B6 30 X 500 ml47818 | AD386: =VLOOKUP(AC386,$J$3:$K$1324,2,0) -> 617 | AE386: =IF(ISNA(AD386),"0",AD386) -> 617
I387: Arendi 20/10 WP 20 X 20 X 25 gr | J387: Arendi 20/10 WP 20 X 20 X 25 gr47150 | K387: 3803 | L387: =VLOOKUP(J387,'[1]stockopname_master_item (11)'!B$2:C$3427,2,0) -> #N/A | M387: Futay-2 (Jagung) 50 X 100 ml (Sample) | N387: 116 | O387: =VLOOKUP(M387,[2]Sheet1!B$2:C$1721,2,0) -> 116 | P387: =IF(O387-N387=0,"sama","tidak") -> sama | X387: Blast 200 SC 48 X 100 ml | Y387: 2832 | Z387: 2832 | AA387: =IF(Y387-Z387=0,"SAMA","TIDAK") -> SAMA | AC387: Biochems Vit B1+B6 40 X 250 ml47818 | AD387: =VLOOKUP(AC387,$J$3:$K$1324,2,0) -> 855 | AE387: =IF(ISNA(AD387),"0",AD387) -> 855
... I474: Blewah Blaster F1 12 X 15 X 15 gr | J474: Blewah Blaster F1 12 X 15 X 15 gr46666 | K474: 943 | L474: =VLOOKUP(J474,'[1]stockopname_master_item (11)'!B$2:C$3427,2,0) -> #N/A | M474: Handuk BASF | N474: 20 | O474: =VLOOKUP(M474,[2]Sheet1!B$2:C$1721,2,0) -> 20 | P474: =IF(O474-N474=0,"sama","tidak") -> sama | X474: Decis 25 EC 100 X 100 ml | Y474: 11629 | Z474: 11629 | AA474: =IF(Y474-Z474=0,"SAMA","TIDAK") -> SAMA | AC474: Braphon 488 SL 40 X 250 ml47331 | AD474: =VLOOKUP(AC474,$J$3:$K$1324,2,0) -> 42 | AE474: =IF(ISNA(AD474),"0",AD474) -> 42
I475: Blewah Blaster F1 12 X 15 X 15 gr | J475: Blewah Blaster F1 12 X 15 X 15 gr46548 | K475: 327 | L475: =VLOOKUP(J475,'[1]stockopname_master_item (11)'!B$2:C$3427,2,0) -> #N/A | M475: Hara Garuda 20 X 1 kg | N475: 3866 | O475: =VLOOKUP(M475,[2]Sheet1!B$2:C$1721,2,0) -> 3866 | P475: =IF(O475-N475=0,"sama","tidak") -> sama | X475: Decis 25 EC 100 X 50 ml | Y475: 13293 | Z475: 10793 | AA475: =IF(Y475-Z475=0,"SAMA","TIDAK") -> TIDAK | AB475: x | AC475: Braphon 488 SL 40 X 250 ml47604 | AD475: =VLOOKUP(AC475,$J$3:$K$1324,2,0) -> 200 | AE475: =IF(ISNA(AD475),"0",AD475) -> 200
I476: Blewah Blaster F1 12 X 15 X 15 gr | J476: Blewah Blaster F1 12 X 15 X 15 gr46574 | K476: 70 | L476: =VLOOKUP(J476,'[1]stockopname_master_item (11)'!B$2:C$3427,2,0) -> #N/A | M476: Hernab 100 EC 1 ltr | N476: 4 | O476: =VLOOKUP(M476,[2]Sheet1!B$2:C$1721,2,0) -> 4 | P476: =IF(O476-N476=0,"sama","tidak") -> sama | X476: Decis 25 EC 20 X 500 ml | Y476: 19 | Z476: 19 | AA476: =IF(Y476-Z476=0,"SAMA","TIDAK") -> SAMA | AC476: Braphon 488 SL 50 X 100 ml47543 | AD476: =VLOOKUP(AC476,$J$3:$K$1324,2,0) -> 3 | AE476: =IF(ISNA(AD476),"0",AD476) -> 3
I477: Blewah Blaster F1 12 X 15 X 15 gr | J477: Blewah Blaster F1 12 X 15 X 15 gr46581 | K477: 1620 | L477: =VLOOKUP(J477,'[1]stockopname_master_item (11)'!B$2:C$3427,2,0) -> #N/A | M477: Herole 240 SC 48 X 250 ml | N477: 7 | O477: =VLOOKUP(M477,[2]Sheet1!B$2:C$1721,2,0) -> 7 | P477: =IF(O477-N477=0,"sama","tidak") -> sama | X477: Decis 25 EC 40 X 250 ml | Y477: 4648 | Z477: 4648 | AA477: =IF(Y477-Z477=0,"SAMA","TIDAK") -> SAMA | AC477: Braphon 488 SL 50 X 100 ml47696 | AD477: =VLOOKUP(AC477,$J$3:$K$1324,2,0) -> #N/A | AE477: =IF(ISNA(AD477),"0",AD477) -> 0
I478: Blewah Blaster F1 12 X 15 X 15 gr | J478: Blewah Blaster F1 12 X 15 X 15 gr46588 | K478: 189 | L478: =VLOOKUP(J478,'[1]stockopname_master_item (11)'!B$2:C$3427,2,0) -> #N/A | M478: Herole Plus 100/20 SC 64 X 100 ml | N478: 18 | O478: =VLOOKUP(M478,[2]Sheet1!B$2:C$1721,2,0) -> 18 | P478: =IF(O478-N478=0,"sama","tidak") -> sama | X478: Dekapirim 400 SC 20 X 500 ml | Y478: 118 | Z478: 118 | AA478: =IF(Y478-Z478=0,"SAMA","TIDAK") -> SAMA | AC478: Braunxone Gold 276 SL 20 ltr47788 | AD478: =VLOOKUP(AC478,$J$3:$K$1324,2,0) -> #N/A | AE478: =IF(ISNA(AD478),"0",AD478) -> 0
I479: Bluezeb 80 WP 20 X 1 kg | J479: Bluezeb 80 WP 20 X 1 kg47150 | K479: 1835 | L479: =VLOOKUP(J479,'[1]stockopname_master_item (11)'!B$2:C$3427,2,0) -> #N/A | M479: Hexacar 100 SC 100 X 100 ml | N479: 2110 | O479: =VLOOKUP(M479,[2]Sheet1!B$2:C$1721,2,0) -> 2110 | P479: =IF(O479-N479=0,"sama","tidak") -> sama | X479: Dekapirim 400 SC 50 X 100 ml | Y479: 320 | Z479: 320 | AA479: =IF(Y479-Z479=0,"SAMA","TIDAK") -> SAMA | AC479: Braunxone Gold 276 SL 20 ltr47908 | AD479: =VLOOKUP(AC479,$J$3:$K$1324,2,0) -> 241 | AE479: =IF(ISNA(AD479),"0",AD479) -> 241
I480: BM Flythrin 100 EC 20 X 500 ml | J480: BM Flythrin 100 EC 20 X 500 ml47635 | K480: 1820 | L480: =VLOOKUP(J480,'[1]stockopname_master_item (11)'!B$2:C$3427,2,0) -> #N/A | M480: Hexagold 75 WP 25 X 400 gr | N480: 150 | O480: =VLOOKUP(M480,[2]Sheet1!B$2:C$1721,2,0) -> 150 | P480: =IF(O480-N480=0,"sama","tidak") -> sama | X480: Dekapirim 400 SC 12 X 1 ltr | Y480: 12 | Z480: 12 | AA480: =IF(Y480-Z480=0,"SAMA","TIDAK") -> SAMA | AC480: Braunxone Gold 276 SL 20 X 1 ltr47788 | AD480: =VLOOKUP(AC480,$J$3:$K$1324,2,0) -> 8640 | AE480: =IF(ISNA(AD480),"0",AD480) -> 8640
I481: BM Promax 75 SP 20 X 500 gr | J481: BM Promax 75 SP 20 X 500 gr47727 | K481: 460 | L481: =VLOOKUP(J481,'[1]stockopname_master_item (11)'!B$2:C$3427,2,0) -> #N/A | M481: Hexagold 75 WP 50 X 100 gr | N481: 160 | O481: =VLOOKUP(M481,[2]Sheet1!B$2:C$1721,2,0) -> 160 | P481: =IF(O481-N481=0,"sama","tidak") -> sama | X481: Dektin 30 WG 20 X 200 gr | Y481: 100 | Z481: 100 | AA481: =IF(Y481-Z481=0,"SAMA","TIDAK") -> SAMA | AC481: Braunxone Gold 276 SL 4 X 5 ltr47392 | AD481: =VLOOKUP(AC481,$J$3:$K$1324,2,0) -> 180 | AE481: =IF(ISNA(AD481),"0",AD481) -> 180
I482: BM Promax 75 SP 20 X 500 gr | J482: BM Promax 75 SP 20 X 500 gr47635 | K482: 696 | L482: =VLOOKUP(J482,'[1]stockopname_master_item (11)'!B$2:C$3427,2,0) -> #N/A | M482: HiPro Series 13-7-10 Powder 250 gr (Sample) | N482: 8 | O482: =VLOOKUP(M482,[2]Sheet1!B$2:C$1721,2,0) -> 8 | P482: =IF(O482-N482=0,"sama","tidak") -> sama | X482: Dektin 30 WG 50 X 50 gr | Y482: 280 | Z482: 280 | AA482: =IF(Y482-Z482=0,"SAMA","TIDAK") -> SAMA | AC482: Bravoxone 276 SL 20 ltr47604 | AD482: =VLOOKUP(AC482,$J$3:$K$1324,2,0) -> #N/A | AE482: =IF(ISNA(AD482),"0",AD482) -> 0
I483: BM Promax 75 SP 100 X 100 gr | J483: BM Promax 75 SP 100 X 100 gr47239 | K483: 7719 | L483: =VLOOKUP(J483,'[1]stockopname_master_item (11)'!B$2:C$3427,2,0) -> #N/A | M483: Hijau 250 ml | N483: 4 | O483: =VLOOKUP(M483,[2]Sheet1!B$2:C$1721,2,0) -> 4 | P483: =IF(O483-N483=0,"sama","tidak") -> sama | X483: Dektin 30 WG 12 X 500 gr | Y483: 205 | Z483: 205 | AA483: =IF(Y483-Z483=0,"SAMA","TIDAK") -> SAMA | AC483: Bravoxone 276 SL 20 ltr47696 | AD483: =VLOOKUP(AC483,$J$3:$K$1324,2,0) -> #N/A | AE483: =IF(ISNA(AD483),"0",AD483) -> 0
I484: BM Catalyzer 2.5 10 X 1 ltr | J484: BM Catalyzer 2.5 10 X 1 ltr47209 | K484: 50 | L484: =VLOOKUP(J484,'[1]stockopname_master_item (11)'!B$2:C$3427,2,0) -> #N/A | M484: Hoky 30 EC 16 X 1 ltr | N484: 985 | O484: =VLOOKUP(M484,[2]Sheet1!B$2:C$1721,2,0) -> 985 | P484: =IF(O484-N484=0,"sama","tidak") -> sama | X484: Dellacid 525 EC 40 x 200 ml | Y484: 212 | Z484: 212 | AA484: =IF(Y484-Z484=0,"SAMA","TIDAK") -> SAMA | AC484: Bravoxone 276 SL 20 ltr47788 | AD484: =VLOOKUP(AC484,$J$3:$K$1324,2,0) -> 43 | AE484: =IF(ISNA(AD484),"0",AD484) -> 43
I485: BM Conzole 250 EC 40 X 250 ml | J485: BM Conzole 250 EC 40 X 250 ml47969 | K485: 1080 | L485: =VLOOKUP(J485,'[1]stockopname_master_item (11)'!B$2:C$3427,2,0) -> #N/A | M485: Hostadion 400 EC 40 X 250 ml | N485: 520 | O485: =VLOOKUP(M485,[2]Sheet1!B$2:C$1721,2,0) -> 520 | P485: =IF(O485-N485=0,"sama","tidak") -> sama | X485: Dellacid 525 EC 20 x 1 ltr | Y485: 236 | Z485: 236 | AA485: =IF(Y485-Z485=0,"SAMA","TIDAK") -> SAMA | AC485: Bravoxone 276 SL 20 ltr (Label Kuda)47696 | AD485: =VLOOKUP(AC485,$J$3:$K$1324,2,0) -> 12 | AE485: =IF(ISNA(AD485),"0",AD485) -> 12
I486: BM Conzole 250 EC 20 X 500 ml | J486: BM Conzole 250 EC 20 X 500 ml47939 | K486: 400 | L486: =VLOOKUP(J486,'[1]stockopname_master_item (11)'!B$2:C$3427,2,0) -> #N/A | M486: Huang Mi F8 Note 3/16GB | N486: 3 | O486: =VLOOKUP(M486,[2]Sheet1!B$2:C$1721,2,0) -> 3 | P486: =IF(O486-N486=0,"sama","tidak") -> sama | X486: Dellacid 525 EC 25 X 500 ml | Y486: 33 | Z486: 33 | AA486: =IF(Y486-Z486=0,"SAMA","TIDAK") -> SAMA | AC486: Bravoxone 276 SL 20 X 1 ltr47788 | AD486: =VLOOKUP(AC486,$J$3:$K$1324,2,0) -> #N/A | AE486: =IF(ISNA(AD486),"0",AD486) -> 0
I487: BM Cychlophos 500/50 EC 20 X 400 ml | J487: BM Cychlophos 500/50 EC 20 X 400 ml47543 | K487: 460 | L487: =VLOOKUP(J487,'[1]stockopname_master_item (11)'!B$2:C$3427,2,0) -> #N/A | M487: I-Aba SP 250 ml (Sample) | N487: 3 | O487: =VLOOKUP(M487,[2]Sheet1!B$2:C$1721,2,0) -> 3 | P487: =IF(O487-N487=0,"sama","tidak") -> sama | X487: Dewa Dewi 15 X 1 ltr | Y487: 2285 | Z487: 2285 | AA487: =IF(Y487-Z487=0,"SAMA","TIDAK") -> SAMA | AC487: Bravoxone 276 SL 20 X 1 ltr47939 | AD487: =VLOOKUP(AC487,$J$3:$K$1324,2,0) -> 14941 | AE487: =IF(ISNA(AD487),"0",AD487) -> 14941
... I664: Ever Green Asam Humat 20 X 1 ltr | J664: Ever Green Asam Humat 20 X 1 ltr47969 | K664: 511 | L664: =VLOOKUP(J664,'[1]stockopname_master_item (11)'!B$2:C$3427,2,0) -> #N/A | M664: Kran YT 4L, 5L, 7L & 9L | N664: 40 | O664: =VLOOKUP(M664,[2]Sheet1!B$2:C$1721,2,0) -> 40 | P664: =IF(O664-N664=0,"sama","tidak") -> sama | X664: Kaos Karisma | Y664: 16 | Z664: 16 | AA664: =IF(Y664-Z664=0,"SAMA","TIDAK") -> SAMA | AC664: Dekapirim 400 SC 20 X 500 ml46935 | AD664: =VLOOKUP(AC664,$J$3:$K$1324,2,0) -> #N/A | AE664: =IF(ISNA(AD664),"0",AD664) -> 0
I665: Ever Green Asam Humat 30 X 500 ml | J665: Ever Green Asam Humat 30 X 500 ml47757 | K665: 571 | L665: =VLOOKUP(J665,'[1]stockopname_master_item (11)'!B$2:C$3427,2,0) -> #N/A | M665: Kresnadan 3G 10 X 2 kg | N665: 419 | O665: =VLOOKUP(M665,[2]Sheet1!B$2:C$1721,2,0) -> 419 | P665: =IF(O665-N665=0,"sama","tidak") -> sama | X665: Kaos Java Karlos | Y665: 637 | Z665: 639 | AA665: =IF(Y665-Z665=0,"SAMA","TIDAK") -> TIDAK | AB665: x | AC665: Dekapirim 400 SC 20 X 500 ml46966 | AD665: =VLOOKUP(AC665,$J$3:$K$1324,2,0) -> 18 | AE665: =IF(ISNA(AD665),"0",AD665) -> 18
I666: Ever Green Asam Amino 30 X 500 ml | J666: Ever Green Asam Amino 30 X 500 ml47908 | K666: 4 | L666: =VLOOKUP(J666,'[1]stockopname_master_item (11)'!B$2:C$3427,2,0) -> #N/A | M666: Kresnatop 500 SC 20 X 1 ltr | N666: 3317 | O666: =VLOOKUP(M666,[2]Sheet1!B$2:C$1721,2,0) -> 3317 | P666: =IF(O666-N666=0,"sama","tidak") -> sama | X666: Kaos Hyget Panjang Super Java | Y666: 168 | Z666: 168 | AA666: =IF(Y666-Z666=0,"SAMA","TIDAK") -> SAMA | AC666: Dekapirim 400 SC 20 X 500 ml46997 | AD666: =VLOOKUP(AC666,$J$3:$K$1324,2,0) -> #N/A | AE666: =IF(ISNA(AD666),"0",AD666) -> 0
I667: Ever Green Asam Amino 40 X 250 ml | J667: Ever Green Asam Amino 40 X 250 ml48000 | K667: 1000 | L667: =VLOOKUP(J667,'[1]stockopname_master_item (11)'!B$2:C$3427,2,0) -> #N/A | M667: Kresnatop 500 SC 4 X 5 ltr | N667: 179 | O667: =VLOOKUP(M667,[2]Sheet1!B$2:C$1721,2,0) -> 179 | P667: =IF(O667-N667=0,"sama","tidak") -> sama | X667: Kaos Cotton Combed Java Karlos | Y667: 140 | Z667: 140 | AA667: =IF(Y667-Z667=0,"SAMA","TIDAK") -> SAMA | AC667: Dekapirim 400 SC 20 X 500 ml47119 | AD667: =VLOOKUP(AC667,$J$3:$K$1324,2,0) -> #N/A | AE667: =IF(ISNA(AD667),"0",AD667) -> 0
I668: Ever Green Asam Amino 40 X 250 ml | J668: Ever Green Asam Amino 40 X 250 ml47969 | K668: 909 | L668: =VLOOKUP(J668,'[1]stockopname_master_item (11)'!B$2:C$3427,2,0) -> #N/A | M668: Kubis Green Coronet 100 X 10 X 20 gr | N668: 290 | O668: =VLOOKUP(M668,[2]Sheet1!B$2:C$1721,2,0) -> 290 | P668: =IF(O668-N668=0,"sama","tidak") -> sama | X668: Kaos MIA Trio Dahsyat | Y668: 2333 | Z668: 2333 | AA668: =IF(Y668-Z668=0,"SAMA","TIDAK") -> SAMA | AC668: Dekapirim 400 SC 50 X 100 ml46997 | AD668: =VLOOKUP(AC668,$J$3:$K$1324,2,0) -> #N/A | AE668: =IF(ISNA(AD668),"0",AD668) -> 0
I669: Fargo 70 WP 40 X 250 gr | J669: Fargo 70 WP 40 X 250 gr46539 | K669: 140 | L669: =VLOOKUP(J669,'[1]stockopname_master_item (11)'!B$2:C$3427,2,0) -> #N/A | M669: Kubis Green Nova 100 X 10 X 20 ml | N669: 4073 | O669: =VLOOKUP(M669,[2]Sheet1!B$2:C$1721,2,0) -> 4073 | P669: =IF(O669-N669=0,"sama","tidak") -> sama | X669: Kaos MIA Kerah Elazaro | Y669: 28 | Z669: 28 | AA669: =IF(Y669-Z669=0,"SAMA","TIDAK") -> SAMA | AC669: Dekapirim 400 SC 50 X 100 ml47119 | AD669: =VLOOKUP(AC669,$J$3:$K$1324,2,0) -> 20 | AE669: =IF(ISNA(AD669),"0",AD669) -> 20
I670: Fargo 70 WP 20 X 500 gr | J670: Fargo 70 WP 20 X 500 gr46874 | K670: 100 | L670: =VLOOKUP(J670,'[1]stockopname_master_item (11)'!B$2:C$3427,2,0) -> #N/A | M670: Kulkas Polytron 2 Pintu | N670: 2 | O670: =VLOOKUP(M670,[2]Sheet1!B$2:C$1721,2,0) -> 2 | P670: =IF(O670-N670=0,"sama","tidak") -> sama | X670: Kaos Bamex | Y670: 3210 | Z670: 3210 | AA670: =IF(Y670-Z670=0,"SAMA","TIDAK") -> SAMA | AC670: Dekapirim 400 SC 50 X 100 ml47239 | AD670: =VLOOKUP(AC670,$J$3:$K$1324,2,0) -> 300 | AE670: =IF(ISNA(AD670),"0",AD670) -> 300
I671: Fenprozole 500 EC 48 X 240 ml | J671: Fenprozole 500 EC 48 X 240 ml46600 | K671: 576 | L671: =VLOOKUP(J671,'[1]stockopname_master_item (11)'!B$2:C$3427,2,0) -> #N/A | M671: Kunci Inggris set | N671: 2 | O671: =VLOOKUP(M671,[2]Sheet1!B$2:C$1721,2,0) -> 2 | P671: =IF(O671-N671=0,"sama","tidak") -> sama | X671: Kaos Robust | Y671: 92 | Z671: 92 | AA671: =IF(Y671-Z671=0,"SAMA","TIDAK") -> SAMA | AC671: Dektin 30 WG 12 X 500 gr46692 | AD671: =VLOOKUP(AC671,$J$3:$K$1324,2,0) -> 205 | AE671: =IF(ISNA(AD671),"0",AD671) -> 205
I672: Fentolin 200 EC 20 X 500 ml | J672: Fentolin 200 EC 20 X 500 ml47392 | K672: 524 | L672: =VLOOKUP(J672,'[1]stockopname_master_item (11)'!B$2:C$3427,2,0) -> #N/A | M672: Kuproxat 345 SC 20 X 500 ml | N672: 13131 | O672: =VLOOKUP(M672,[2]Sheet1!B$2:C$1721,2,0) -> 13131 | P672: =IF(O672-N672=0,"sama","tidak") -> sama | X672: Kaos Futay | Y672: 7750 | Z672: 7750 | AA672: =IF(Y672-Z672=0,"SAMA","TIDAK") -> SAMA | AC672: Dektin 30 WG 20 X 200 gr46235 | AD672: =VLOOKUP(AC672,$J$3:$K$1324,2,0) -> #N/A | AE672: =IF(ISNA(AD672),"0",AD672) -> 0
I673: Fentolin 200 EC 20 X 500 ml | J673: Fentolin 200 EC 20 X 500 ml47423 | K673: 380 | L673: =VLOOKUP(J673,'[1]stockopname_master_item (11)'!B$2:C$3427,2,0) -> #N/A | M673: Kuproxat 345 SC 40 X 200 ml | N673: 6623 | O673: =VLOOKUP(M673,[2]Sheet1!B$2:C$1721,2,0) -> 6623 | P673: =IF(O673-N673=0,"sama","tidak") -> sama | X673: Kaos Lengan Panjang Evergreen | Y673: 1365 | Z673: 1365 | AA673: =IF(Y673-Z673=0,"SAMA","TIDAK") -> SAMA | AC673: Dektin 30 WG 50 X 50 gr1/1/1000 | AD673: =VLOOKUP(AC673,$J$3:$K$1324,2,0) -> #N/A | AE673: =IF(ISNA(AD673),"0",AD673) -> 0
I674: Fenval 200 EC 15 X 1 ltr | J674: Fenval 200 EC 15 X 1 ltr47849 | K674: 764 | L674: =VLOOKUP(J674,'[1]stockopname_master_item (11)'!B$2:C$3427,2,0) -> #N/A | M674: Laba Hidroponik 130 gr | N674: 6 | O674: =VLOOKUP(M674,[2]Sheet1!B$2:C$1721,2,0) -> 6 | P674: =IF(O674-N674=0,"sama","tidak") -> sama | X674: Karburator Star Metal | Y674: 5 | Z674: 5 | AA674: =IF(Y674-Z674=0,"SAMA","TIDAK") -> SAMA | AC674: Dektin 30 WG 50 X 50 gr46784 | AD674: =VLOOKUP(AC674,$J$3:$K$1324,2,0) -> #N/A | AE674: =IF(ISNA(AD674),"0",AD674) -> 0
I675: Fenval 200 EC 20 X 500 ml | J675: Fenval 200 EC 20 X 500 ml47696 | K675: 10 | L675: =VLOOKUP(J675,'[1]stockopname_master_item (11)'!B$2:C$3427,2,0) -> #N/A | M675: Laba Hidroponik 142 gr | N675: 5 | O675: =VLOOKUP(M675,[2]Sheet1!B$2:C$1721,2,0) -> 5 | P675: =IF(O675-N675=0,"sama","tidak") -> sama | X675: Karet Piston YT 5L | Y675: 10 | Z675: 10 | AA675: =IF(Y675-Z675=0,"SAMA","TIDAK") -> SAMA | AC675: Dektin 30 WG 50 X 50 gr46844 | AD675: =VLOOKUP(AC675,$J$3:$K$1324,2,0) -> #N/A | AE675: =IF(ISNA(AD675),"0",AD675) -> 0
I676: Fenval 200 EC 20 X 500 ml | J676: Fenval 200 EC 20 X 500 ml47757 | K676: 5880 | L676: =VLOOKUP(J676,'[1]stockopname_master_item (11)'!B$2:C$3427,2,0) -> #N/A | M676: Label Piraklo 250 ml lama | N676: 951 | O676: =VLOOKUP(M676,[2]Sheet1!B$2:C$1721,2,0) -> 951 | P676: =IF(O676-N676=0,"sama","tidak") -> sama | X676: Karissnail 6 PL 50 X 200 gr (M2U) | Y676: 3931 | Z676: 3931 | AA676: =IF(Y676-Z676=0,"SAMA","TIDAK") -> SAMA | AC676: Dektin 30 WG 50 X 50 gr46997 | AD676: =VLOOKUP(AC676,$J$3:$K$1324,2,0) -> 280 | AE676: =IF(ISNA(AD676),"0",AD676) -> 280
I677: Fenval 200 EC 20 X 500 ml | J677: Fenval 200 EC 20 X 500 ml47788 | K677: 940 | L677: =VLOOKUP(J677,'[1]stockopname_master_item (11)'!B$2:C$3427,2,0) -> #N/A | M677: Label Piraklo 250ml (Logo MIA) | N677: 80 | O677: =VLOOKUP(M677,[2]Sheet1!B$2:C$1721,2,0) -> 80 | P677: =IF(O677-N677=0,"sama","tidak") -> sama | X677: Karimazu 590 EC 20 X 800 ml | Y677: 864 | Z677: 864 | AA677: =IF(Y677-Z677=0,"SAMA","TIDAK") -> SAMA | AC677: Dellacid 525 EC 20 x 1 ltr46784 | AD677: =VLOOKUP(AC677,$J$3:$K$1324,2,0) -> 236 | AE677: =IF(ISNA(AD677),"0",AD677) -> 236
... I680: Fenval 200 EC 20 X 500 ml | J680: Fenval 200 EC 20 X 500 ml47939 | K680: 3320 | L680: =VLOOKUP(J680,'[1]stockopname_master_item (11)'!B$2:C$3427,2,0) -> #N/A | M680: Lalang Matek 200 SL 20 X 1 ltr | N680: 2957 | O680: =VLOOKUP(M680,[2]Sheet1!B$2:C$1721,2,0) -> 2957 | P680: =IF(O680-N680=0,"sama","tidak") -> sama | X680: Karimazu 590 EC 40 X 200 ml (Label Baru) | Y680: 2076 | Z680: 2076 | AA680: =IF(Y680-Z680=0,"SAMA","TIDAK") -> SAMA | AC680: Dellacid 525 EC 40 x 200 ml47515 | AD680: =VLOOKUP(AC680,$J$3:$K$1324,2,0) -> #N/A | AE680: =IF(ISNA(AD680),"0",AD680) -> 0
I681: Fenval 200 EC 50 X 100 ml | J681: Fenval 200 EC 50 X 100 ml47727 | K681: 3849 | L681: =VLOOKUP(J681,'[1]stockopname_master_item (11)'!B$2:C$3427,2,0) -> #N/A | M681: Lancer Gold 55 WG 100 X 100 gr | N681: 846 | O681: =VLOOKUP(M681,[2]Sheet1!B$2:C$1721,2,0) -> 846 | P681: =IF(O681-N681=0,"sama","tidak") -> sama | X681: Karung OPP Lami 10 kg Qiu Seed | Y681: 17908 | Z681: 18322 | AA681: =IF(Y681-Z681=0,"SAMA","TIDAK") -> TIDAK | AB681: supp | AC681: Dellacid 525 EC 40 x 200 ml47543 | AD681: =VLOOKUP(AC681,$J$3:$K$1324,2,0) -> 212 | AE681: =IF(ISNA(AD681),"0",AD681) -> 212
I682: Fenval 200 EC 50 X 100 ml | J682: Fenval 200 EC 50 X 100 ml47849 | K682: 1250 | L682: =VLOOKUP(J682,'[1]stockopname_master_item (11)'!B$2:C$3427,2,0) -> #N/A | M682: Lancer Gold 55 WG 20 X 500 gr | N682: 330 | O682: =VLOOKUP(M682,[2]Sheet1!B$2:C$1721,2,0) -> 330 | P682: =IF(O682-N682=0,"sama","tidak") -> sama | X682: Katup Pelepas Angin YT 5L | Y682: 45 | Z682: 45 | AA682: =IF(Y682-Z682=0,"SAMA","TIDAK") -> SAMA | AC682: Desanto 200 SL 100 X 100 ml46082 | AD682: =VLOOKUP(AC682,$J$3:$K$1324,2,0) -> #N/A | AE682: =IF(ISNA(AD682),"0",AD682) -> 0
I683: Fenval 200 EC 20 X 250 ml | J683: Fenval 200 EC 20 X 250 ml47300 | K683: 1260 | L683: =VLOOKUP(J683,'[1]stockopname_master_item (11)'!B$2:C$3427,2,0) -> #N/A | M683: Lancer Gold 55 WG 40 X 250 gr | N683: 53 | O683: =VLOOKUP(M683,[2]Sheet1!B$2:C$1721,2,0) -> 53 | P683: =IF(O683-N683=0,"sama","tidak") -> sama | X683: Kelpak 11/0.031 SL 20 X 500 ml | Y683: 171 | Z683: 171 | AA683: =IF(Y683-Z683=0,"SAMA","TIDAK") -> SAMA | AC683: Desanto 200 SL 100 X 100 ml47270 | AD683: =VLOOKUP(AC683,$J$3:$K$1324,2,0) -> #N/A | AE683: =IF(ISNA(AD683),"0",AD683) -> 0
I684: Fenval 200 EC 20 X 250 ml | J684: Fenval 200 EC 20 X 250 ml47604 | K684: 740 | L684: =VLOOKUP(J684,'[1]stockopname_master_item (11)'!B$2:C$3427,2,0) -> #N/A | M684: Lannate 25 WP 10 X 10 X 100 gr | N684: 4415 | O684: =VLOOKUP(M684,[2]Sheet1!B$2:C$1721,2,0) -> 4415 | P684: =IF(O684-N684=0,"sama","tidak") -> sama | X684: Kelpak 11/0.031 SL 50 X 100 ml | Y684: 154 | Z684: 154 | AA684: =IF(Y684-Z684=0,"SAMA","TIDAK") -> SAMA | AC684: Desanto 200 SL 100 X 100 ml47635 | AD684: =VLOOKUP(AC684,$J$3:$K$1324,2,0) -> 22438 | AE684: =IF(ISNA(AD684),"0",AD684) -> 22438
I685: Fenval 200 EC 20 X 250 ml | J685: Fenval 200 EC 20 X 250 ml47880 | K685: 1000 | L685: =VLOOKUP(J685,'[1]stockopname_master_item (11)'!B$2:C$3427,2,0) -> #N/A | M685: Lannate 25 WP 20 X 50 X 15 gr | N685: 18550 | O685: =VLOOKUP(M685,[2]Sheet1!B$2:C$1721,2,0) -> 18550 | P685: =IF(O685-N685=0,"sama","tidak") -> sama | X685: Kelpak 11/0.031 SL 40 X 250 ml | Y685: 69 | Z685: 69 | AA685: =IF(Y685-Z685=0,"SAMA","TIDAK") -> SAMA | AC685: Desanto 200 SL 100 X 100 ml ( Sampel )47635 | AD685: =VLOOKUP(AC685,$J$3:$K$1324,2,0) -> 1013 | AE685: =IF(ISNA(AD685),"0",AD685) -> 1013
I686: Fenval 200 EC 20 X 250 ml | J686: Fenval 200 EC 20 X 250 ml47088 | K686: 340 | L686: =VLOOKUP(J686,'[1]stockopname_master_item (11)'!B$2:C$3427,2,0) -> #N/A | M686: Lannate 25 WP 20 X 500 gr | N686: 320 | O686: =VLOOKUP(M686,[2]Sheet1!B$2:C$1721,2,0) -> 320 | P686: =IF(O686-N686=0,"sama","tidak") -> sama | X686: Kemeja MIA | Y686: 91 | Z686: 91 | AA686: =IF(Y686-Z686=0,"SAMA","TIDAK") -> SAMA | AC686: Desanto 200 SL 40 X 250 ml47270 | AD686: =VLOOKUP(AC686,$J$3:$K$1324,2,0) -> 6 | AE686: =IF(ISNA(AD686),"0",AD686) -> 6
I687: Filia 525 SE 100 X 50 ml | J687: Filia 525 SE 100 X 50 ml47209 | K687: 10667 | L687: =VLOOKUP(J687,'[1]stockopname_master_item (11)'!B$2:C$3427,2,0) -> #N/A | M687: Lannate 40 SP 10 X 10 X 100 gr | N687: 11446 | O687: =VLOOKUP(M687,[2]Sheet1!B$2:C$1721,2,0) -> 11446 | P687: =IF(O687-N687=0,"sama","tidak") -> sama | X687: Kencis 55 EW 24 X 500 ml | Y687: 783 | Z687: 783 | AA687: =IF(Y687-Z687=0,"SAMA","TIDAK") -> SAMA | AC687: Desanto 200 SL 40 X 250 ml47635 | AD687: =VLOOKUP(AC687,$J$3:$K$1324,2,0) -> 4475 | AE687: =IF(ISNA(AD687),"0",AD687) -> 4475
I688: Fitomic Plus 20 X 500 ml | J688: Fitomic Plus 20 X 500 ml47543 | K688: 15 | L688: =VLOOKUP(J688,'[1]stockopname_master_item (11)'!B$2:C$3427,2,0) -> #N/A | M688: Lannate 40 SP 20 X 500 gr | N688: 380 | O688: =VLOOKUP(M688,[2]Sheet1!B$2:C$1721,2,0) -> 380 | P688: =IF(O688-N688=0,"sama","tidak") -> sama | X688: Kencis 55 EW 20 X 1 ltr | Y688: 1582 | Z688: 1582 | AA688: =IF(Y688-Z688=0,"SAMA","TIDAK") -> SAMA | AC688: Dewa Dewi 15 X 1 ltr47788 | AD688: =VLOOKUP(AC688,$J$3:$K$1324,2,0) -> #N/A | AE688: =IF(ISNA(AD688),"0",AD688) -> 0
I689: Flashoot 300 EC 80 X 100 ml | J689: Flashoot 300 EC 80 X 100 ml48000 | K689: 3760 | L689: =VLOOKUP(J689,'[1]stockopname_master_item (11)'!B$2:C$3427,2,0) -> #N/A | M689: Lannate 40 SP 40 X 250 gr | N689: 2576 | O689: =VLOOKUP(M689,[2]Sheet1!B$2:C$1721,2,0) -> 2576 | P689: =IF(O689-N689=0,"sama","tidak") -> sama | X689: Ken-Mida 12/50 EC 100 X 100 ml | Y689: 1804 | Z689: 1804 | AA689: =IF(Y689-Z689=0,"SAMA","TIDAK") -> SAMA | AC689: Dewa Dewi 15 X 1 ltr47818 | AD689: =VLOOKUP(AC689,$J$3:$K$1324,2,0) -> #N/A | AE689: =IF(ISNA(AD689),"0",AD689) -> 0
I690: Flonipro 75/75 SE 50 X 100 ml | J690: Flonipro 75/75 SE 50 X 100 ml47908 | K690: 350 | L690: =VLOOKUP(J690,'[1]stockopname_master_item (11)'!B$2:C$3427,2,0) -> #N/A | M690: Lem Ajaib 50 X 100 ml | N690: 2020 | O690: =VLOOKUP(M690,[2]Sheet1!B$2:C$1721,2,0) -> 2020 | P690: =IF(O690-N690=0,"sama","tidak") -> sama | X690: Ken-mipo 400 SL 24 X 500 ml | Y690: 230 | Z690: 230 | AA690: =IF(Y690-Z690=0,"SAMA","TIDAK") -> SAMA | AC690: Dewa Dewi 15 X 1 ltr47849 | AD690: =VLOOKUP(AC690,$J$3:$K$1324,2,0) -> #N/A | AE690: =IF(ISNA(AD690),"0",AD690) -> 0
I691: Flonipro 75/75 SE 40 X 250 ml | J691: Flonipro 75/75 SE 40 X 250 ml47880 | K691: 870 | L691: =VLOOKUP(J691,'[1]stockopname_master_item (11)'!B$2:C$3427,2,0) -> #N/A | M691: Lem Ajaib 50 X 50 ml | N691: 1224 | O691: =VLOOKUP(M691,[2]Sheet1!B$2:C$1721,2,0) -> 1224 | P691: =IF(O691-N691=0,"sama","tidak") -> sama | X691: Ken-mipo 400 SL 20 X 1 ltr | Y691: 334 | Z691: 334 | AA691: =IF(Y691-Z691=0,"SAMA","TIDAK") -> SAMA | AC691: Dewa Dewi 15 X 1 ltr47880 | AD691: =VLOOKUP(AC691,$J$3:$K$1324,2,0) -> #N/A | AE691: =IF(ISNA(AD691),"0",AD691) -> 0
I692: Flonipro 75/75 SE 40 X 250 ml | J692: Flonipro 75/75 SE 40 X 250 ml47969 | K692: 40 | L692: =VLOOKUP(J692,'[1]stockopname_master_item (11)'!B$2:C$3427,2,0) -> #N/A | M692: Lemari es Aqua 2 pintu | N692: 1 | O692: =VLOOKUP(M692,[2]Sheet1!B$2:C$1721,2,0) -> 1 | P692: =IF(O692-N692=0,"sama","tidak") -> sama | X692: Kingdom 550 SC 20 ltr | Y692: 11 | Z692: 11 | AA692: =IF(Y692-Z692=0,"SAMA","TIDAK") -> SAMA | AC692: Dewa Dewi 15 X 1 ltr47908 | AD692: =VLOOKUP(AC692,$J$3:$K$1324,2,0) -> 2285 | AE692: =IF(ISNA(AD692),"0",AD692) -> 2285
I693: Folirfos 400 SL 15 X 1 ltr | J693: Folirfos 400 SL 15 X 1 ltr47239 | K693: 10 | L693: =VLOOKUP(J693,'[1]stockopname_master_item (11)'!B$2:C$3427,2,0) -> #N/A | M693: Lenadro 200/70/30 OD 10 X 1 ltr | N693: 4974 | O693: =VLOOKUP(M693,[2]Sheet1!B$2:C$1721,2,0) -> 4974 | P693: =IF(O693-N693=0,"sama","tidak") -> sama | X693: Kloper 500 SL 20 X 500 ml | Y693: 614 | Z693: 614 | AA693: =IF(Y693-Z693=0,"SAMA","TIDAK") -> SAMA | AC693: Dewa Dewi 20 X 500 ml47818 | AD693: =VLOOKUP(AC693,$J$3:$K$1324,2,0) -> #N/A | AE693: =IF(ISNA(AD693),"0",AD693) -> 0
... I1031: Lem Ajaib 50 X 50 ml | J1031: Lem Ajaib 50 X 50 ml47239 | K1031: 500 | L1031: =VLOOKUP(J1031,'[1]stockopname_master_item (11)'!B$2:C$3427,2,0) -> #N/A | M1031: Rexstar 69/20 SC 50 X 100 ml | N1031: 1250 | O1031: =VLOOKUP(M1031,[2]Sheet1!B$2:C$1721,2,0) -> 1250 | P1031: =IF(O1031-N1031=0,"sama","tidak") -> sama | X1031: Sinergy 300 EC 50 X 80 ml | Y1031: 15 | Z1031: 15 | AA1031: =IF(Y1031-Z1031=0,"SAMA","TIDAK") -> SAMA | AC1031: Gibgro 20 T 25 X 10 X 5 gr47727 | AD1031: =VLOOKUP(AC1031,$J$3:$K$1324,2,0) -> #N/A | AE1031: =IF(ISNA(AD1031),"0",AD1031) -> 0
I1032: Lenadro 200/70/30 OD 20 X 500 ml | J1032: Lenadro 200/70/30 OD 20 X 500 ml47788 | K1032: 10016 | L1032: =VLOOKUP(J1032,'[1]stockopname_master_item (11)'!B$2:C$3427,2,0) -> #N/A | M1032: Ricestar Xtra 89 OD 40 X 250 ml | N1032: 1800 | O1032: =VLOOKUP(M1032,[2]Sheet1!B$2:C$1721,2,0) -> 1800 | P1032: =IF(O1032-N1032=0,"sama","tidak") -> sama | X1032: Sinergy 300 EC 40 X 250 ml | Y1032: 1122 | Z1032: 451 | AA1032: =IF(Y1032-Z1032=0,"SAMA","TIDAK") -> TIDAK | AB1032: x | AC1032: Gibgro 20 T 25 X 10 X 5 gr47849 | AD1032: =VLOOKUP(AC1032,$J$3:$K$1324,2,0) -> #N/A | AE1032: =IF(ISNA(AD1032),"0",AD1032) -> 0
I1033: Lenadro 200/70/30 OD 10 X 1 ltr | J1033: Lenadro 200/70/30 OD 10 X 1 ltr47788 | K1033: 4974 | L1033: =VLOOKUP(J1033,'[1]stockopname_master_item (11)'!B$2:C$3427,2,0) -> #N/A | M1033: Ridomil Gold MZ 4/64 WG 20 X 500 gr | N1033: 10 | O1033: =VLOOKUP(M1033,[2]Sheet1!B$2:C$1721,2,0) -> 10 | P1033: =IF(O1033-N1033=0,"sama","tidak") -> sama | X1033: Sintrop 80 WG 40 X 10 X 4 gr | Y1033: 19 | Z1033: 19 | AA1033: =IF(Y1033-Z1033=0,"SAMA","TIDAK") -> SAMA | AC1033: Gibraz 20/125 OD 100 X 80 ml46997 | AD1033: =VLOOKUP(AC1033,$J$3:$K$1324,2,0) -> 1580 | AE1033: =IF(ISNA(AD1033),"0",AD1033) -> 1580
I1034: Lenadro 200/70/30 OD 40 X 250 ml | J1034: Lenadro 200/70/30 OD 40 X 250 ml47818 | K1034: 8472 | L1034: =VLOOKUP(J1034,'[1]stockopname_master_item (11)'!B$2:C$3427,2,0) -> #N/A | M1034: Ring Biru Plastik Kecil | N1034: 40 | O1034: =VLOOKUP(M1034,[2]Sheet1!B$2:C$1721,2,0) -> 40 | P1034: =IF(O1034-N1034=0,"sama","tidak") -> sama | X1034: Smk. Maduri F1 12 X 10 X 20 gr | Y1034: 70 | Z1034: 70 | AA1034: =IF(Y1034-Z1034=0,"SAMA","TIDAK") -> SAMA | AC1034: Gibraz 20/125 OD 100 X 80 ml47300 | AD1034: =VLOOKUP(AC1034,$J$3:$K$1324,2,0) -> 1000 | AE1034: =IF(ISNA(AD1034),"0",AD1034) -> 1000
I1035: Licron 500 EC 20 X 400 ml | J1035: Licron 500 EC 20 X 400 ml46935 | K1035: 44 | L1035: =VLOOKUP(J1035,'[1]stockopname_master_item (11)'!B$2:C$3427,2,0) -> #N/A | M1035: Ring Karet Tg | N1035: 6422 | O1035: =VLOOKUP(M1035,[2]Sheet1!B$2:C$1721,2,0) -> 6422 | P1035: =IF(O1035-N1035=0,"sama","tidak") -> sama | X1035: Smk. Bali Flower F1 20 X 6 X 20 gr | Y1035: 66 | Z1035: 66 | AA1035: =IF(Y1035-Z1035=0,"SAMA","TIDAK") -> SAMA | AC1035: Gibraz 20/125 OD 25 X 400 ml46997 | AD1035: =VLOOKUP(AC1035,$J$3:$K$1324,2,0) -> 148 | AE1035: =IF(ISNA(AD1035),"0",AD1035) -> 148
I1036: Liding 240 EC 64 X 90 ml | J1036: Liding 240 EC 64 X 90 ml47696 | K1036: 20 | L1036: =VLOOKUP(J1036,'[1]stockopname_master_item (11)'!B$2:C$3427,2,0) -> #N/A | M1036: Ring Penyokong 14 ltr Star Metal | N1036: 90 | O1036: =VLOOKUP(M1036,[2]Sheet1!B$2:C$1721,2,0) -> 90 | P1036: =IF(O1036-N1036=0,"sama","tidak") -> sama | X1036: Smk. Inden F1 12 X 10 X 20 gr | Y1036: 622 | Z1036: 622 | AA1036: =IF(Y1036-Z1036=0,"SAMA","TIDAK") -> SAMA | AC1036: Gibraz 20/125 OD 25 X 400 ml47300 | AD1036: =VLOOKUP(AC1036,$J$3:$K$1324,2,0) -> 625 | AE1036: =IF(ISNA(AD1036),"0",AD1036) -> 625
I1037: Liding 240 EC 64 X 90 ml | J1037: Liding 240 EC 64 X 90 ml47939 | K1037: 3264 | L1037: =VLOOKUP(J1037,'[1]stockopname_master_item (11)'!B$2:C$3427,2,0) -> #N/A | M1037: Ring Penyokong 17 ltr Star Metal | N1037: 95 | O1037: =VLOOKUP(M1037,[2]Sheet1!B$2:C$1721,2,0) -> 95 | P1037: =IF(O1037-N1037=0,"sama","tidak") -> sama | X1037: Smk. Big Maduri F1 12 X 10 X 20 gr | Y1037: 1639 | Z1037: 1639 | AA1037: =IF(Y1037-Z1037=0,"SAMA","TIDAK") -> SAMA | AC1037: Gibraz 20/125 OD 50 X 200 ml46997 | AD1037: =VLOOKUP(AC1037,$J$3:$K$1324,2,0) -> 116 | AE1037: =IF(ISNA(AD1037),"0",AD1037) -> 116
I1038: Logamate 440 EC 50 x 100 ml | J1038: Logamate 440 EC 50 x 100 ml47849 | K1038: 925 | L1038: =VLOOKUP(J1038,'[1]stockopname_master_item (11)'!B$2:C$3427,2,0) -> #N/A | M1038: Robust 50 X 100 ml | N1038: 475 | O1038: =VLOOKUP(M1038,[2]Sheet1!B$2:C$1721,2,0) -> 475 | P1038: =IF(O1038-N1038=0,"sama","tidak") -> sama | X1038: Smk. Redin F1 20 X 6 X 20 gr | Y1038: 474 | Z1038: 474 | AA1038: =IF(Y1038-Z1038=0,"SAMA","TIDAK") -> SAMA | AC1038: Gibraz 20/125 OD 50 X 200 ml47300 | AD1038: =VLOOKUP(AC1038,$J$3:$K$1324,2,0) -> 1852 | AE1038: =IF(ISNA(AD1038),"0",AD1038) -> 1852
I1039: Logamate 440 EC 20 X 500 ml | J1039: Logamate 440 EC 20 X 500 ml47757 | K1039: 17 | L1039: =VLOOKUP(J1039,'[1]stockopname_master_item (11)'!B$2:C$3427,2,0) -> #N/A | M1039: Rotraz 200 EC 20 X 500 ml | N1039: 467 | O1039: =VLOOKUP(M1039,[2]Sheet1!B$2:C$1721,2,0) -> 467 | P1039: =IF(O1039-N1039=0,"sama","tidak") -> sama | X1039: Sofia 200/70/30 OD 32 X 250 ml | Y1039: 371 | Z1039: 371 | AA1039: =IF(Y1039-Z1039=0,"SAMA","TIDAK") -> SAMA | AC1039: Glifasco 530 SL 20 X 1 ltr47270 | AD1039: =VLOOKUP(AC1039,$J$3:$K$1324,2,0) -> #N/A | AE1039: =IF(ISNA(AD1039),"0",AD1039) -> 0
I1040: Logamate 440 EC 20 X 500 ml | J1040: Logamate 440 EC 20 X 500 ml47788 | K1040: 680 | L1040: =VLOOKUP(J1040,'[1]stockopname_master_item (11)'!B$2:C$3427,2,0) -> #N/A | M1040: Round Up 486 SL 12 X 1 ltr | N1040: 122222 | O1040: =VLOOKUP(M1040,[2]Sheet1!B$2:C$1721,2,0) -> 122222 | P1040: =IF(O1040-N1040=0,"sama","tidak") -> sama | X1040: Sofia 200/70/30 OD 16 X 500 ml | Y1040: 130 | Z1040: 130 | AA1040: =IF(Y1040-Z1040=0,"SAMA","TIDAK") -> SAMA | AC1040: Glove 240 EC 20 X 500 ml46388 | AD1040: =VLOOKUP(AC1040,$J$3:$K$1324,2,0) -> 205 | AE1040: =IF(ISNA(AD1040),"0",AD1040) -> 205
I1041: Logamate 440 EC 40 x 250 ml | J1041: Logamate 440 EC 40 x 250 ml47788 | K1041: 140 | L1041: =VLOOKUP(J1041,'[1]stockopname_master_item (11)'!B$2:C$3427,2,0) -> #N/A | M1041: Round Up 486 SL 4 X 4 ltr | N1041: 3560 | O1041: =VLOOKUP(M1041,[2]Sheet1!B$2:C$1721,2,0) -> 3560 | P1041: =IF(O1041-N1041=0,"sama","tidak") -> sama | X1041: Sofia 200/70/30 OD 8 X 1 ltr | Y1041: 272 | Z1041: 272 | AA1041: =IF(Y1041-Z1041=0,"SAMA","TIDAK") -> SAMA | AC1041: Glove 240 EC 40 X 250 ml46357 | AD1041: =VLOOKUP(AC1041,$J$3:$K$1324,2,0) -> 351 | AE1041: =IF(ISNA(AD1041),"0",AD1041) -> 351
I1042: Loyant 25 EC 20 X 500 ml | J1042: Loyant 25 EC 20 X 500 ml47150 | K1042: 1173 | L1042: =VLOOKUP(J1042,'[1]stockopname_master_item (11)'!B$2:C$3427,2,0) -> #N/A | M1042: Round Up 486 SL 50 X 200 ml | N1042: 42308 | O1042: =VLOOKUP(M1042,[2]Sheet1!B$2:C$1721,2,0) -> 42308 | P1042: =IF(O1042-N1042=0,"sama","tidak") -> sama | X1042: Solutus GKN 25 kg | Y1042: 28 | Z1042: 28 | AA1042: =IF(Y1042-Z1042=0,"SAMA","TIDAK") -> SAMA | AC1042: Glove 240 EC 40 X 250 ml46388 | AD1042: =VLOOKUP(AC1042,$J$3:$K$1324,2,0) -> 904 | AE1042: =IF(ISNA(AD1042),"0",AD1042) -> 904
I1043: Loyant 25 EC 20 X 500 ml | J1043: Loyant 25 EC 20 X 500 ml47209 | K1043: 2200 | L1043: =VLOOKUP(J1043,'[1]stockopname_master_item (11)'!B$2:C$3427,2,0) -> #N/A | M1043: Roupix 455/100 SL 20 X 1 ltr | N1043: 700 | O1043: =VLOOKUP(M1043,[2]Sheet1!B$2:C$1721,2,0) -> 700 | P1043: =IF(O1043-N1043=0,"sama","tidak") -> sama | X1043: Sortie 30/6 WP 30 X 400 gr (M2U) | Y1043: 18 | Z1043: 18 | AA1043: =IF(Y1043-Z1043=0,"SAMA","TIDAK") -> SAMA | AC1043: Glove 240 EC 50 X 100 ml47027 | AD1043: =VLOOKUP(AC1043,$J$3:$K$1324,2,0) -> #N/A | AE1043: =IF(ISNA(AD1043),"0",AD1043) -> 0
I1044: Ludes 50 EC 50 X 100 ml | J1044: Ludes 50 EC 50 X 100 ml46296 | K1044: 14 | L1044: =VLOOKUP(J1044,'[1]stockopname_master_item (11)'!B$2:C$3427,2,0) -> #N/A | M1044: Rubost 40 X 200 ml | N1044: 315 | O1044: =VLOOKUP(M1044,[2]Sheet1!B$2:C$1721,2,0) -> 315 | P1044: =IF(O1044-N1044=0,"sama","tidak") -> sama | X1044: Spontan 400 SL 20 X 200 ml | Y1044: 6719 | Z1044: 6719 | AA1044: =IF(Y1044-Z1044=0,"SAMA","TIDAK") -> SAMA | AC1044: Glove 240 EC 50 X 100 ml47362 | AD1044: =VLOOKUP(AC1044,$J$3:$K$1324,2,0) -> #N/A | AE1044: =IF(ISNA(AD1044),"0",AD1044) -> 0
... I1071: Matador 25 EC 40 X 250 ml | J1071: Matador 25 EC 40 X 250 ml46753 | K1071: 80 | L1071: =VLOOKUP(J1071,'[1]stockopname_master_item (11)'!B$2:C$3427,2,0) -> #N/A | M1071: Saturn Plus 20 X 250 ml | N1071: 2182 | O1071: =VLOOKUP(M1071,[2]Sheet1!B$2:C$1721,2,0) -> 2182 | P1071: =IF(O1071-N1071=0,"sama","tidak") -> sama | X1071: Tali Kapas Cap Kelud 15 X 900 gr (Putih) | Y1071: 28 | Z1071: 28 | AA1071: =IF(Y1071-Z1071=0,"SAMA","TIDAK") -> SAMA | AC1071: Grasso 480 SL 20 X 1 ltr46997 | AD1071: =VLOOKUP(AC1071,$J$3:$K$1324,2,0) -> 7900 | AE1071: =IF(ISNA(AD1071),"0",AD1071) -> 7900
I1072: Matador 25 EC 40 X 250 ml | J1072: Matador 25 EC 40 X 250 ml46784 | K1072: 1160 | L1072: =VLOOKUP(J1072,'[1]stockopname_master_item (11)'!B$2:C$3427,2,0) -> #N/A | M1072: Saturn Plus 20 X 500 ml | N1072: 5507 | O1072: =VLOOKUP(M1072,[2]Sheet1!B$2:C$1721,2,0) -> 5507 | P1072: =IF(O1072-N1072=0,"sama","tidak") -> sama | X1072: Tali Surya | Y1072: 0.001 | Z1072: 0.001 | AA1072: =IF(Y1072-Z1072=0,"SAMA","TIDAK") -> TIDAK | AB1072: x | AC1072: Greenforce 12 X 1 ltr47818 | AD1072: =VLOOKUP(AC1072,$J$3:$K$1324,2,0) -> #N/A | AE1072: =IF(ISNA(AD1072),"0",AD1072) -> 0
...

Sheet Sheet7
B2: Bag Jagung Q235 - 1 kg | C2: 46374 | D2: 64062 | E2: TIDAK | F2: supp | G2: 17688
B3: Biggrow 20 WP 6 X 50 X 5 gr | C3: 193047 | D3: 191350 | E3: TIDAK | F3: x | G3: -1697
B4: Decis 25 EC 100 X 50 ml | C4: 13293 | D4: 10793 | E4: TIDAK | F4: x | G4: -2500
B5: Kaos Java Karlos | C5: 637 | D5: 639 | E5: TIDAK | F5: x | G5: 2
B6: Karung OPP Lami 10 kg Qiu Seed | C6: 17908 | D6: 18322 | E6: TIDAK | F6: supp | G6: 414
B7: Sinergy 300 EC 40 X 250 ml | C7: 1122 | D7: 451 | E7: TIDAK | F7: x | G7: -671
B8: Tali Surya | C8: 0.001 | D8: 0.001 | E8: TIDAK | F8: x | G8: 4.5472003e-13
B9: Kaos Lengan Panjang Q235 | C9: 8081 | D9: 13843 | E9: TIDAK | F9: supp | G9: 5762

Sheet Sheet4
F2: Accu Kayaba Kering 12A - 12 Volt1/1/1000 | G2: 1
F3: Adrift 125 EC 50 X 100 ml46813 | G3: 202
F4: Alat Kocor Pupuk Cair Quda Karisma 20 ltr1/1/1000 | G4: 258
F5: Alat Kocor Pupuk Padat Quda Karisma 25 ltr1/1/1000 | G5: 360
F6: Amco Up 486 SL 20 X 1 ltr47119 | G6: 6
F7: Amichlor 400 EC 100 ml1/1/1000 | G7: 11
F8: Aminosong Mango 500 ml (Sample)47150 | G8: 4
F9: Amolin 300 EC 100 X 100 ml46753 | G9: 2590
F10: Amolin 300 EC 40 X 250 ml47849 | G10: 35
F11: Arendi 20/10 WP 20 X 20 X 25 gr46813 | G11: 2
F12: Arizona 55 EC 80 ml (Sample)1/1/1000 | G12: 13
F13: Arjuna 200 EC 50 X 80 ml47270 | G13: 3
... F1866: Zentech Poster Ambest Kutu Kebul1/1/1000 | G1866: 40

Sheet Sheet5
B2: Kembali ke dailystock
B4: KODE | C4: DESCRIPTION | D4: UNIT | E4: NAMAGUDANG | F4: KELOMPOK | G4: JENIS | H4: MERK | I4: QTY | J4: QTYLOT | K4: NOMOR_LOT | L4: TGLPRODUKSI | M4: TGLKADALUARSA | N4: SUPPLIER
B5: AABAC03 | C5: Abacel 18 EC 20 X 500 ml | D5: Btl | E5: Gdg. Induk | F5: Obat | G5: Insektisida | H5: Abacel 18 EC | I5: 0 | J5: 0 | K5: 2409011 | L5: 45756 | M5: 47362 | N5: Excel Meg Indo, PT
B6: AACCO03 | C6: Accora 100 EC 15 X 1 ltr (Sample) | D6: Btl | E6: Gdg. Induk | F6: No Group | G6: No Group | H6: No Group | I6: 0 | J6: 0 | K6: 2020 | L6: 44958 | M6: 45658 | N6: Sarana Tani Indonesia Makmur, PT
B7: AACCU01 | C7: Accu Kayaba Kering 12A - 12 Volt | D7: Pcs | E7: Gdg. Induk | F7: Sarana Pertanian | G7: Sarana Pertanian | H7: No Group | I7: 1 | J7: 1 | K7: 0 | L7: 44958 | M7: 1/1/1000 | N7: Widjaya, UD
B8: AADRI02 | C8: Adrift 125 EC 50 X 100 ml | D8: Btl | E8: Gdg. Induk | F8: No Group | G8: No Group | H8: No Group | I8: 0 | J8: 0 | K8: 6833 | L8: 45700 | M8: 45597 | N8: Bioworld Biosciencen ML, PT
B9: AADRI02 | C9: Adrift 125 EC 50 X 100 ml | D9: Btl | E9: Gdg. Induk | F9: No Group | G9: No Group | H9: No Group | I9: 0 | J9: 0 | K9: 8833 | L9: 45698 | M9: 46813 | N9: Bioworld Biosciencen ML, PT
B10: AAFON01 | C10: Afonil 50 SC 40 X 250 ml | D10: Btl | E10: Gdg. Induk | F10: Obat | G10: Insektisida | H10: Afonil 50 SC | I10: 0 | J10: 0 | K10: 2103001 | L10: 44958 | M10: 46631 | N10: Advansia Indotani, PT
B11: AAFON01 | C11: Afonil 50 SC 40 X 250 ml | D11: Btl | E11: Gdg. Induk | F11: Obat | G11: Insektisida | H11: Afonil 50 SC | I11: 0 | J11: 0 | K11: 2111055 | L11: 44958 | M11: 46631 | N11: Advansia Indotani, PT
B12: AAGRI10 | C12: Agrimore E 20 X 500 gr | D12: Pack | E12: Gdg. Induk | F12: No Group | G12: No Group | H12: No Group | I12: 0 | J12: 0 | K12: 0 | L12: 45831 | M12: 1/1/1000 | N12: -
B13: AAGRI11 | C13: Agrimore K 20 X 500 gr - New | D13: Pack | E13: Gdg. Induk | F13: No Group | G13: No Group | H13: No Group | I13: 0 | J13: 0 | K13: 0 | L13: 45831 | M13: 1/1/1000 | N13: -
B14: AAGRI12 | C14: Agrimore N 20 X 500 gr - New | D14: Pack | E14: Gdg. Induk | F14: No Group | G14: No Group | H14: No Group | I14: 0 | J14: 0 | K14: 0 | L14: 45831 | M14: 1/1/1000 | N14: -
B15: AAGRI13 | C15: Agrimore P 20 X 500 gr | D15: Pack | E15: Gdg. Induk | F15: No Group | G15: No Group | H15: No Group | I15: 0 | J15: 0 | K15: 0 | L15: 45831 | M15: 1/1/1000 | N15: -
B16: AAGROM01 | C16: Agromil 710 EC 20 X 1 ltr | D16: Btl | E16: Gdg. Induk | F16: No Group | G16: No Group | H16: No Group | I16: 0 | J16: 0 | K16: 0 | L16: 45797 | M16: 1/1/1000 | N16: -
B17: AAGUS03 | C17: Agus 500 SC 100 X 100 ml* | D17: Btl | E17: Gdg. Induk | F17: No Group | G17: No Group | H17: No Group | I17: 0 | J17: 0 | K17: ADV271E050 | L17: 45715 | M17: 46661 | N17: -
B18: AAGUS04 | C18: Agus 500 SC 40 X 250 ml* | D18: Btl | E18: Gdg. Induk | F18: No Group | G18: No Group | H18: No Group | I18: 0 | J18: 0 | K18: ADV003056 | L18: 45715 | M18: 46753 | N18: -
B19: AALAD01 | C19: Aladin 865 SL 20 X 400 ml | D19: Btl | E19: Gdg. Induk | F19: No Group | G19: No Group | H19: No Group | I19: 0 | J19: 0 | K19: 0 | L19: 45831 | M19: 1/1/1000 | N19: -
B20: AALAT06 | C20: Alat Kocor Pupuk Cair Quda Karisma 20 ltr* | D20: Pcs | E20: Gdg. Induk | F20: No Group | G20: No Group | H20: No Group | I20: 0 | J20: 0 | K20: 0 | L20: 45843 | M20: 1/1/1000 | N20: Sarana Tani Makmur, CV
B21: AALAT09 | C21: Alat Kocor Pupuk Padat Quda Karisma 25 ltr* | D21: Pcs | E21: Gdg. Induk | F21: No Group | G21: No Group | H21: No Group | I21: 0 | J21: 0 | K21: 0 | L21: 45843 | M21: 1/1/1000 | N21: Sarana Tani Makmur, CV
B22: AALMI01 | C22: Almix 247 ZC 40 X 250 ml* | D22: Btl | E22: Gdg. Induk | F22: No Group | G22: No Group | H22: No Group | I22: 0 | J22: 0 | K22: 0 | L22: 45824 | M22: 1/1/1000 | N22: -
B23: AAMCO06 | C23: Amcothene 75 SP 25 Kg | D23: Pack | E23: Gdg. Induk | F23: No Group | G23: No Group | H23: No Group | I23: 0 | J23: 0 | K23: 0 | L23: 45804 | M23: 1/1/1000 | N23: -
B24: AAMCO07 | C24: Amco Up 486 SL 20 X 1 ltr* | D24: Btl | E24: Gdg. Induk | F24: No Group | G24: No Group | H24: No Group | I24: 0 | J24: 0 | K24: 222200074 | L24: 45831 | M24: 47119 | N24: -
B25: AAMIB01 | C25: Amiboost Anti Stress 20 X 250 ml (Sample) | D25: Btl | E25: Gdg. Induk | F25: No Group | G25: No Group | H25: No Group | I25: 0 | J25: 0 | K25: 0 | L25: 44958 | M25: 45870 | N25: Cheil Jedang Indonesia, PT
B26: AAMIB02 | C26: Amiboost Generative 20 X 250 ml | D26: Btl | E26: Gdg. Expired | F26: No Group | G26: No Group | H26: No Group | I26: 0 | J26: 0 | K26: 0 | L26: 44958 | M26: 45870 | N26: Cheil Jedang Indonesia, PT
B27: AAMIB02 | C27: Amiboost Generative 20 X 250 ml | D27: Btl | E27: Gdg. Induk | F27: No Group | G27: No Group | H27: No Group | I27: 0 | J27: 0 | K27: 0 | L27: 44958 | M27: 45870 | N27: Cheil Jedang Indonesia, PT
B28: AAMIB02 | C28: Amiboost Generative 20 X 250 ml | D28: Btl | E28: Gdg. Ttp Kanvas | F28: No Group | G28: No Group | H28: No Group | I28: 0 | J28: 0 | K28: 0 | L28: 44958 | M28: 45870 | N28: Cheil Jedang Indonesia, PT
B29: AAMIB03 | C29: Amiboost Vegetative 20 X 250 ml | D29: Btl | E29: Gdg. Expired | F29: No Group | G29: No Group | H29: No Group | I29: 0 | J29: 0 | K29: 0 | L29: 44958 | M29: 45870 | N29: Cheil Jedang Indonesia, PT
B30: AAMIB03 | C30: Amiboost Vegetative 20 X 250 ml | D30: Btl | E30: Gdg. Induk | F30: No Group | G30: No Group | H30: No Group | I30: 0 | J30: 0 | K30: 0 | L30: 44958 | M30: 45870 | N30: Cheil Jedang Indonesia, PT
B31: AAMIB03 | C31: Amiboost Vegetative 20 X 250 ml | D31: Btl | E31: Gdg. Ttp Kanvas | F31: No Group | G31: No Group | H31: No Group | I31: 0 | J31: 0 | K31: 0 | L31: 44958 | M31: 45870 | N31: Cheil Jedang Indonesia, PT
B32: AAMIB05 | C32: Amiboost Vegetative 10 X 1 ltr* | D32: Btl | E32: Gdg. Induk | F32: No Group | G32: No Group | H32: No Group | I32: 0 | J32: 0 | K32: 0 | L32: 44958 | M32: 45992 | N32: Cheil Jedang Indonesia, PT
B33: AAMIB05 | C33: Amiboost Vegetative 10 X 1 ltr* | D33: Btl | E33: Gdg. Induk | F33: No Group | G33: No Group | H33: No Group | I33: 0 | J33: 0 | K33: 0 | L33: 45695 | M33: 46054 | N33: Cheil Jedang Indonesia, PT
B34: AAMIC01 | C34: Amichlor 400 EC 100 ml | D34: Btl | E34: Gdg. Induk | F34: No Group | G34: No Group | H34: No Group | I34: 11 | J34: 11 | K34: 0 | L34: 44958 | M34: 1/1/1000 | N34: Trimarga Nusantara Indonesia, PT
B35: AAMIN04 | C35: Aminosong Mango 500 ml (Sample) | D35: Btl | E35: Gdg. Induk | F35: No Group | G35: No Group | H35: No Group | I35: 4 | J35: 4 | K35: 81432Y6002 | L35: 44958 | M35: 47150 | N35: Agro Guna Makmur, PT
B36: AAMIS01 | C36: Amistartop 325 SC 100 X 50 ml | D36: Btl | E36: Gdg. Induk | F36: Obat | G36: Fungisida | H36: No Group | I36: 0 | J36: 0 | K36: JAK4ES1142 | L36: 44958 | M36: 46508 | N36: Syngenta Indonesia, PT
B37: AAMIS04 | C37: Amistartop 325 SC 50 X 100 ml | D37: Btl | E37: Gdg. Expired | F37: No Group | G37: No Group | H37: No Group | I37: 0 | J37: 0 | K37: ZAK2DS1285 | L37: 45817 | M37: 45778 | N37: -
B38: AAMIS04 | C38: Amistartop 325 SC 50 X 100 ml | D38: Btl | E38: Gdg. Induk | F38: No Group | G38: No Group | H38: No Group | I38: 0 | J38: 0 | K38: ZAK2DS1285 | L38: 45817 | M38: 45778 | N38: -
B39: AAMOL01 | C39: Amolin 300 EC 100 X 100 ml* | D39: Btl | E39: Gdg. Induk | F39: Obat | G39: Fungisida | H39: No Group | I39: 60 | J39: 60 | K39: ADV010V017 | L39: 45717 | M39: 46753 | N39: Advansia Indotani, PT
B40: AAMOL01 | C40: Amolin 300 EC 100 X 100 ml* | D40: Btl | E40: Gdg. Induk | F40: Obat | G40: Fungisida | H40: No Group | I40: 60 | J40: 0 | K40: ADV297H015 | L40: 44958 | M40: 46296 | N40: Advansia Indotani, PT
B41: AAMOL02 | C41: Amolin 300 EC 40 X 250 ml* | D41: Btl | E41: Gdg. Induk | F41: Obat | G41: Fungisida | H41: No Group | I41: 0 | J41: 0 | K41: ADV0121042 | L41: 46132 | M41: 47849 | N41: Advansia Indotani, PT
B42: AAREN02 | C42: Arendi 20/10 WP 20 X 20 X 25 gr* | D42: Pack | E42: Gdg. Induk | F42: No Group | G42: No Group | H42: No Group | I42: 2 | J42: 2 | K42: ADV0540240323ST | L42: 45843 | M42: 46813 | N42: Advansia Indotani, PT
B43: AARIZ01 | C43: Arizona 55 EC 80 ml (Sample) | D43: Btl | E43: Gdg. Induk | F43: Obat | G43: Insektisida | H43: Arizona 55 EC | I43: 13 | J43: 13 | K43: 0 | L43: 44958 | M43: 1/1/1000 | N43: Mitra Artha Sejati, PT
B44: AARIZ03 | C44: Arizona 55 EC 50 X 80 ml | D44: Btl | E44: Gdg. Induk | F44: Obat | G44: Insektisida | H44: Arizona 55 EC | I44: 0 | J44: 0 | K44: 10/20/05 | L44: 44958 | M44: 45931 | N44: Artha Buana Mandiri/Graha Niaga Mandiri, CV
B45: AARJU03 | C45: Arjuna 200 EC 50 X 80 ml | D45: Btl | E45: Gdg. Induk | F45: No Group | G45: No Group | H45: No Group | I45: 3 | J45: 3 | K45: 806232 | L45: 45824 | M45: 47270 | N45: -
B46: AARJU04 | C46: Arjuna 200 EC 20 X 250 ml | D46: Btl | E46: Gdg. Induk | F46: No Group | G46: No Group | H46: No Group | I46: 0 | J46: 0 | K46: 406031 | L46: 45824 | M46: 47270 | N46: -
B47: AARMA01 | C47: Arma 52 WP 20 X 500 gr (Sample) | D47: Pack | E47: Gdg. Induk | F47: No Group | G47: No Group | H47: No Group | I47: 7 | J47: 7 | K47: SNA20200700 | L47: 44958 | M47: 45839 | N47: Agro Natural Technology, PT
B48: AARME01 | C48: Armeira 30 WG 10 X 20 X 50 gr* | D48: Pack | E48: Gdg. Induk | F48: Obat | G48: Insektisida | H48: Armeira 30 WG | I48: 0 | J48: 0 | K48: 0 | L48: 45757 | M48: 1/1/1000 | N48: Mitra Indotani Abadi, PT
B49: AARME01 | C49: Armeira 30 WG 10 X 20 X 50 gr* | D49: Pack | E49: Gdg. Induk | F49: Obat | G49: Insektisida | H49: Armeira 30 WG | I49: 0 | J49: 0 | K49: 1900131 | L49: 44958 | M49: 45809 | N49: Mitra Indotani Abadi, PT
B50: AARME01 | C50: Armeira 30 WG 10 X 20 X 50 gr* | D50: Pack | E50: Gdg. Induk | F50: Obat | G50: Insektisida | H50: Armeira 30 WG | I50: 0 | J50: 0 | K50: 1900131 | L50: 45829 | M50: 45931 | N50: Mitra Indotani Abadi, PT
B51: AARTO03 | C51: Artos 100 ml (Sample) | D51: Btl | E51: Gdg. Induk | F51: No Group | G51: No Group | H51: No Group | I51: 0 | J51: 0 | K51: 0 | L51: 45672 | M51: 1/1/1000 | N51: Sari Kresna Kimia, PT
B52: AASAM01 | C52: Asam Amino (Sample) | D52: Btl | E52: Gdg. Induk | F52: No Group | G52: No Group | H52: No Group | I52: 7 | J52: 7 | K52: 0 | L52: 44958 | M52: 1/1/1000 | N52: LTS PT
B53: AASSO05 | C53: Associate 200 SC 50 X 80 ml (Sample) | D53: Btl | E53: Gdg. Induk | F53: Obat | G53: Insektisida | H53: Associate 200 SC | I53: 646 | J53: 646 | K53: 2508001 | L53: 46060 | M53: 46600 | N53: Nufarm Indonesia, PT
B54: AATON05 | C54: Atonik 6.0 L 15 X 500 ml | D54: Btl | E54: Gdg. Induk | F54: Pupuk | G54: ZPT | H54: Atonik 6.0 L | I54: 0 | J54: 0 | K54: 111023025 | L54: 45985 | M54: 47484 | N54: Mitoku Sukses Makmur, PT
B55: AATON05 | C55: Atonik 6.0 L 15 X 500 ml | D55: Btl | E55: Gdg. Induk | F55: Pupuk | G55: ZPT | H55: Atonik 6.0 L | I55: 0 | J55: 0 | K55: 411022525 | L55: 45786 | M55: 47574 | N55: Mitoku Sukses Makmur, PT
B56: AATON05 | C56: Atonik 6.0 L 15 X 500 ml | D56: Btl | E56: Gdg. Induk | F56: Pupuk | G56: ZPT | H56: Atonik 6.0 L | I56: 0 | J56: 0 | K56: 511020625 | L56: 45918 | M56: 47604 | N56: Mitoku Sukses Makmur, PT
B57: AATON05 | C57: Atonik 6.0 L 15 X 500 ml | D57: Btl | E57: Gdg. Induk | F57: Pupuk | G57: ZPT | H57: Atonik 6.0 L | I57: 0 | J57: 0 | K57: 611021024 | L57: 45743 | M57: 47270 | N57: Mitoku Sukses Makmur, PT
B58: AATON05 | C58: Atonik 6.0 L 15 X 500 ml | D58: Btl | E58: Gdg. Induk | F58: Pupuk | G58: ZPT | H58: Atonik 6.0 L | I58: 0 | J58: 0 | K58: 611022425 | L58: 45871 | M58: 47635 | N58: Mitoku Sukses Makmur, PT
B59: AATON05 | C59: Atonik 6.0 L 15 X 500 ml | D59: Btl | E59: Gdg. Induk | F59: Pupuk | G59: ZPT | H59: Atonik 6.0 L | I59: 0 | J59: 0 | K59: 711021024 | L59: 45743 | M59: 47300 | N59: Mitoku Sukses Makmur, PT
B60: AATON05 | C60: Atonik 6.0 L 15 X 500 ml | D60: Btl | E60: Gdg. Induk | F60: Pupuk | G60: ZPT | H60: Atonik 6.0 L | I60: 0 | J60: 0 | K60: 1011023124 | L60: 45696 | M60: 47392 | N60: Mitoku Sukses Makmur, PT
B61: AATON05 | C61: Atonik 6.0 L 15 X 500 ml | D61: Btl | E61: Gdg. Induk | F61: Pupuk | G61: ZPT | H61: Atonik 6.0 L | I61: 0 | J61: 0 | K61: 1092024 | L61: 45743 | M61: 47484 | N61: Mitoku Sukses Makmur, PT
B62: AATON05 | C62: Atonik 6.0 L 15 X 500 ml | D62: Btl | E62: Gdg. Induk | F62: Pupuk | G62: ZPT | H62: Atonik 6.0 L | I62: 0 | J62: 0 | K62: 1111021424 | L62: 45777 | M62: 47423 | N62: Mitoku Sukses Makmur, PT
B63: AATON05 | C63: Atonik 6.0 L 15 X 500 ml | D63: Btl | E63: Gdg. Induk | F63: Pupuk | G63: ZPT | H63: Atonik 6.0 L | I63: 0 | J63: 0 | K63: 1172025 | L63: 46055 | M63: 47849 | N63: Mitoku Sukses Makmur, PT
B64: AATON05 | C64: Atonik 6.0 L 15 X 500 ml | D64: Btl | E64: Gdg. Induk | F64: Pupuk | G64: ZPT | H64: Atonik 6.0 L | I64: 0 | J64: 0 | K64: 252024 | L64: 45784 | M64: 47574 | N64: Mitoku Sukses Makmur, PT
... B79: AATON11 | C79: Atonik 6.0 L 50 X 100 ml | D79: Btl | E79: Gdg. Induk | F79: No Group | G79: No Group | H79: No Group | I79: 0 | J79: 0 | K79: 1211021924 | L79: 45843 | M79: 47453 | N79: -
B80: ABAFI02 | C80: Bafin 3 In 1 18 SL 500 ml | D80: Btl | E80: Gdg. Induk | F80: No Group | G80: No Group | H80: No Group | I80: 0 | J80: 0 | K80: 0 | L80: 44958 | M80: 1/1/1000 | N80: -
B81: ABAME02 | C81: Bamex 18 EC 50 X 100 ml (M2U) | D81: Btl | E81: Gdg. Ttp Purcha | F81: Obat | G81: Insektisida | H81: Bamex 18 EC | I81: 100 | J81: 0 | K81: 12163202 | L81: 44958 | M81: 46204 | N81: Maju Makmur Utomo, PT
B82: ABAME02 | C82: Bamex 18 EC 50 X 100 ml (M2U) | D82: Btl | E82: Gdg. Ttp Purcha | F82: Obat | G82: Insektisida | H82: Bamex 18 EC | I82: 100 | J82: 0 | K82: 13193201 | L82: 45695 | M82: 46296 | N82: Maju Makmur Utomo, PT
B83: ABAME02 | C83: Bamex 18 EC 50 X 100 ml (M2U) | D83: Btl | E83: Gdg. Ttp Purcha | F83: Obat | G83: Insektisida | H83: Bamex 18 EC | I83: 100 | J83: 100 | K83: 23123401 | L83: 45826 | M83: 46813 | N83: Maju Makmur Utomo, PT
B84: ABAME02 | C84: Bamex 18 EC 50 X 100 ml (M2U) | D84: Btl | E84: Gdg. Ttp Purcha | F84: Obat | G84: Insektisida | H84: Bamex 18 EC | I84: 100 | J84: 0 | K84: 23163201 | L84: 44958 | M84: 46235 | N84: Maju Makmur Utomo, PT
B85: ABAME02 | C85: Bamex 18 EC 50 X 100 ml (M2U) | D85: Btl | E85: Gdg. Ttp Purcha | F85: Obat | G85: Insektisida | H85: Bamex 18 EC | I85: 100 | J85: 0 | K85: 26113401 | L85: 45777 | M85: 46784 | N85: Maju Makmur Utomo, PT
B86: ABAME02 | C86: Bamex 18 EC 50 X 100 ml (M2U) | D86: Btl | E86: Gdg. Ttp Purcha | F86: Obat | G86: Insektisida | H86: Bamex 18 EC | I86: 100 | J86: 0 | K86: 26133201 | L86: 44958 | M86: 46143 | N86: Maju Makmur Utomo, PT
B87: ABASF01 | C87: Basfoliar Klep Premium 20 X 500 ml* | D87: Btl | E87: Gdg. Induk | F87: Pupuk | G87: Pupuk Cair | H87: Basfoliar Klep Premium | I87: 10 | J87: 10 | K87: 001/030/2018 | L87: 44958 | M87: 46753 | N87: Behn Meyer AgriCare, PT
B88: ABASG01 | C88: Basgent 55 SC 100 X 50 ml | D88: Btl | E88: Gdg. Induk | F88: Obat | G88: Insektisida | H88: Basgent 55 SC | I88: 25 | J88: 25 | K88: BSN25081550 | L88: 46048 | M88: 47696 | N88: Sentral Tani Nusantara, PT
B89: ABASR01 | C89: Basrata 150 SL 50 X 250 ml* | D89: Btl | E89: Gdg. Induk | F89: No Group | G89: No Group | H89: No Group | I89: 0 | J89: 0 | K89: BA231108250 | L89: 45829 | M89: 47058 | N89: Berbak Agro Sejati, PT
B90: ABASR01 | C90: Basrata 150 SL 50 X 250 ml* | D90: Btl | E90: Gdg. Induk | F90: No Group | G90: No Group | H90: No Group | I90: 0 | J90: 0 | K90: BA240826250 | L90: 44958 | M90: 47331 | N90: Berbak Agro Sejati, PT
B91: ABASR02 | C91: Basrata 150 SL 20 X 1 ltr (Sample) | D91: Btl | E91: Gdg. Induk | F91: No Group | G91: No Group | H91: No Group | I91: 0 | J91: 0 | K91: 2505171000 | L91: 45825 | M91: 47604 | N91: -
B92: ABAST02 | C92: Bas-Tec 276 SL 2 ltr | D92: Jrg | E92: Gdg. Induk | F92: Obat | G92: Herbisida | H92: Bas-Tec 276 SL | I92: 1 | J92: 1 | K92: BC 260526 | L92: 46171 | M92: 48000 | N92: Sentral Tani Nusantara, PT
B93: ABATT01 | C93: Battery 12V1, 3AH/20HR | D93: Pcs | E93: Gdg. Induk | F93: Sarana Pertanian | G93: Spare Part | H93: Battery 12V1, 3AH/20HR | I93: 0 | J93: 0 | K93: 0 | L93: 46170 | M93: 1/1/1000 | N93: Sarana Tani Makmur, CV
B94: ABATT01 | C94: Battery 12V1, 3AH/20HR | D94: Pcs | E94: Gdg. Rusak | F94: Sarana Pertanian | G94: Spare Part | H94: Battery 12V1, 3AH/20HR | I94: 0 | J94: 0 | K94: 0 | L94: 46170 | M94: 1/1/1000 | N94: Sarana Tani Makmur, CV
B95: ABAUT01 | C95: Baut Bersayap/Kipas | D95: Pcs | E95: Gdg. Induk | F95: Sarana Pertanian | G95: Baut | H95: No Group | I95: 100 | J95: 100 | K95: 0 | L95: 44958 | M95: 1/1/1000 | N95: Widjaya, UD
B96: ABAUT02 | C96: Baut Bintang 17 Lt | D96: Pcs | E96: Gdg. Induk | F96: Sarana Pertanian | G96: Baut | H96: No Group | I96: 18 | J96: 18 | K96: 0 | L96: 44958 | M96: 1/1/1000 | N96: Golden Agin I, PT
B97: ABAUT03 | C97: Baut Kupu-Kupu | D97: Pcs | E97: Gdg. Induk | F97: Sarana Pertanian | G97: Baut | H97: No Group | I97: 6 | J97: 6 | K97: 0 | L97: 44958 | M97: 1/1/1000 | N97: Golden Agin I, PT
B98: ABELL01 | C98: Bellator 265 SC 20 X 100 ml* | D98: Btl | E98: Gdg. Induk | F98: Obat | G98: Insektisida | H98: Bellator 265 SC | I98: 0 | J98: 0 | K98: 20221015 | L98: 45824 | M98: 45931 | N98: Tanaman Makmur Mandiri, PT
B99: ABELT02 | C99: Belt Yamaha | D99: Pcs | E99: Gdg. Induk | F99: Sarana Pertanian | G99: Sarana Pertanian | H99: No Group | I99: 9 | J99: 9 | K99: 0 | L99: 44958 | M99: 1/1/1000 | N99: Widjaya, UD
B100: ABENT04 | C100: Bentpipe No. 45 | D100: Pcs | E100: Gdg. Induk | F100: Sarana Pertanian | G100: Spare Part | H100: Bentpipe | I100: 8 | J100: 8 | K100: 0 | L100: 44958 | M100: 1/1/1000 | N100: Widjaya, UD
B101: ABEST01 | C101: Bestdonk 530 SL 20 X 1 ltr | D101: Btl | E101: Gdg. Induk | F101: Obat | G101: Herbisida | H101: Bestdonk 530 SL | I101: 0 | J101: 0 | K101: BQ26012O1000 | L101: 46048 | M101: 47849 | N101: Sentral Tani Nusantara, PT
B102: ABESV04 | C102: Besvidor 25 WP 4 X 25 X 100 gr | D102: Pack | E102: Gdg. Induk | F102: No Group | G102: No Group | H102: No Group | I102: 5 | J102: 0 | K102: 20241120N6CM | L102: 45817 | M102: 47058 | N102: -
B103: ABESV04 | C103: Besvidor 25 WP 4 X 25 X 100 gr | D103: Pack | E103: Gdg. Induk | F103: No Group | G103: No Group | H103: No Group | I103: 5 | J103: 5 | K103: 20241120N6CM | L103: 45820 | M103: 46539 | N103: -
B104: ABETT02 | C104: Better One 40 X 200 ml | D104: Btl | E104: Gdg. Induk | F104: Obat | G104: Perata & Perekat | H104: Better One | I104: 0 | J104: 0 | K104: 29201 | L104: 44958 | M104: 47088 | N104: Artha Buana Mandiri/Graha Niaga Mandiri, CV
B105: ABETT02 | C105: Better One 40 X 200 ml | D105: Btl | E105: Gdg. Rusak | F105: Obat | G105: Perata & Perekat | H105: Better One | I105: 0 | J105: 0 | K105: 29201 | L105: 44958 | M105: 47088 | N105: Artha Buana Mandiri/Graha Niaga Mandiri, CV
B106: ABIOC11 | C106: Biochems Vit B1+B6 25 X 250 ml (Sample) | D106: Btl | E106: Gdg. Induk | F106: No Group | G106: No Group | H106: No Group | I106: 0 | J106: 0 | K106: 0 | L106: 45965 | M106: 47788 | N106: -
B107: ABION10 | C107: Bionta BSA 100 ml (S) | D107: Btl | E107: Gdg. Induk | F107: Obat | G107: Insektisida | H107: Bionta BSA | I107: 99 | J107: 99 | K107: 0 | L107: 44958 | M107: 1/1/1000 | N107: Sarana Tani Makmur, CV
B108: ABION11 | C108: Bionta45 250 ml (Sample) | D108: Btl | E108: Gdg. Induk | F108: No Group | G108: No Group | H108: No Group | I108: 2 | J108: 0 | K108: 34183201 | L108: 44958 | M108: 45597 | N108: Maju Makmur Utomo, PT
B109: ABION11 | C109: Bionta45 250 ml (Sample) | D109: Btl | E109: Gdg. Induk | F109: No Group | G109: No Group | H109: No Group | I109: 2 | J109: 2 | K109: 34183201 | L109: 45785 | M109: 1/1/1000 | N109: Maju Makmur Utomo, PT
B110: ABIOS03 | C110: Biosoft 20 X 500 ml* | D110: Btl | E110: Gdg. Induk | F110: Obat | G110: Perata & Perekat | H110: Biosoft | I110: 0 | J110: 0 | K110: 8051 | L110: 44958 | M110: 46357 | N110: Trimarga Nusantara Indonesia, PT
B111: ABITO01 | C111: Bitop 531 SL 20 X 1 Ltr | D111: Btl | E111: Gdg. Induk | F111: No Group | G111: No Group | H111: No Group | I111: 0 | J111: 0 | K111: 47802032 | L111: 45824 | M111: 46966 | N111: -
B112: ABLAC01 | C112: Black Rubber Tube | D112: Pcs | E112: Gdg. Induk | F112: Sarana Pertanian | G112: Selang + Kran | H112: Black Rubber Tube | I112: 83 | J112: 83 | K112: 0 | L112: 44958 | M112: 1/1/1000 | N112: Widjaya, UD
B113: ABLUE03 | C113: Bluezeb 80 WP 20 X 1 kg* | D113: Pcs | E113: Gdg. Induk | F113: Obat | G113: Fungisida | H113: Bluezeb 80 WP | I113: 0 | J113: 0 | K113: DUYMNZ8090 | L113: 45852 | M113: 46143 | N113: Excel Meg Indo, PT
B114: ABLUE03 | C114: Bluezeb 80 WP 20 X 1 kg* | D114: Pcs | E114: Gdg. Induk | F114: Obat | G114: Fungisida | H114: Bluezeb 80 WP | I114: 0 | J114: 0 | K114: GUYMNZ8023 | L114: 45843 | M114: 46266 | N114: Excel Meg Indo, PT
B115: ABORE04 | C115: Borer 800 SL 5 ml (S) | D115: Btl | E115: Gdg. Induk | F115: Obat | G115: Fungisida | H115: Borer 800 SL | I115: 0 | J115: 0 | K115: 0 | L115: 44958 | M115: 1/1/1000 | N115: Agro Guna Makmur, PT
B116: ABORE04 | C116: Borer 800 SL 5 ml (S) | D116: Btl | E116: Gdg. Supplier | F116: Obat | G116: Fungisida | H116: Borer 800 SL | I116: 0 | J116: 0 | K116: 0 | L116: 44958 | M116: 1/1/1000 | N116: Agro Guna Makmur, PT
...

Sheet Sheet6
E1: a | F1: b | L1: a | M1: b | Q1: a | R1: b | S1: c | T1: d | U1: e
B2: Accu Kayaba Kering 12A - 12 Volt1/1/1000 | C2: 1 | E2: A-PlusCal 20 X 250 gr47484 | F2: =VLOOKUP(E2,$B$2:$C$1866,2,0) -> 2 | G2: =IF(ISNA(F2),"0",F2) -> 2 | L2: A-PlusCal 20 X 250 gr47484 | M2: =VLOOKUP(L2,lot!$A$3:$E$13372,3,0) -> #N/A | Q2: Accu Kayaba Kering 12A - 12 Volt1/1/1000 | R2: 1 | S2: AACCU01 | T2: =VLOOKUP(Q2,lot!$A$3:$E$13372,3,0) -> #N/A | U2: =VLOOKUP(Q2,lot!$A$3:$E$13372,5,0) -> #N/A
B3: Adrift 125 EC 50 X 100 ml46813 | C3: 202 | E3: A-PlusCal 20 X 250 gr47908 | F3: =VLOOKUP(E3,$B$2:$C$1866,2,0) -> 1040 | G3: =IF(ISNA(F3),"0",F3) -> 1040 | L3: A-PlusCal 20 X 250 gr47908 | M3: =VLOOKUP(L3,lot!$A$3:$E$13372,3,0) -> #N/A | Q3: Adrift 125 EC 50 X 100 ml46813 | R3: 202 | S3: QADRI01 | T3: =VLOOKUP(Q3,lot!$A$3:$E$13372,3,0) -> #N/A | U3: =VLOOKUP(Q3,lot!$A$3:$E$13372,5,0) -> #N/A
B4: Alat Kocor Pupuk Cair Quda Karisma 20 ltr1/1/1000 | C4: 258 | E4: Abacel 18 EC 10 X 1 ltr46813 | F4: =VLOOKUP(E4,$B$2:$C$1866,2,0) -> #N/A | G4: =IF(ISNA(F4),"0",F4) -> 0 | L4: Abacel 18 EC 10 X 1 ltr46813 | M4: =VLOOKUP(L4,lot!$A$3:$E$13372,3,0) -> #N/A | Q4: Alat Kocor Pupuk Cair Quda Karisma 20 ltr1/1/1000 | R4: 258 | S4: QALAT07 | T4: =VLOOKUP(Q4,lot!$A$3:$E$13372,3,0) -> #N/A | U4: =VLOOKUP(Q4,lot!$A$3:$E$13372,5,0) -> #N/A
B5: Alat Kocor Pupuk Padat Quda Karisma 25 ltr1/1/1000 | C5: 360 | E5: Abacel 18 EC 10 X 1 ltr46874 | F5: =VLOOKUP(E5,$B$2:$C$1866,2,0) -> #N/A | G5: =IF(ISNA(F5),"0",F5) -> 0 | L5: Abacel 18 EC 10 X 1 ltr46874 | M5: =VLOOKUP(L5,lot!$A$3:$E$13372,3,0) -> #N/A | Q5: Alat Kocor Pupuk Padat Quda Karisma 25 ltr1/1/1000 | R5: 360 | S5: QALAT06 | T5: =VLOOKUP(Q5,lot!$A$3:$E$13372,3,0) -> #N/A | U5: =VLOOKUP(Q5,lot!$A$3:$E$13372,5,0) -> #N/A
B6: Amco Up 486 SL 20 X 1 ltr47119 | C6: 6 | E6: Abacel 18 EC 10 X 1 ltr46905 | F6: =VLOOKUP(E6,$B$2:$C$1866,2,0) -> 1 | G6: =IF(ISNA(F6),"0",F6) -> 1 | L6: Abacel 18 EC 10 X 1 ltr46905 | M6: =VLOOKUP(L6,lot!$A$3:$E$13372,3,0) -> #N/A | Q6: Amco Up 486 SL 20 X 1 ltr47119 | R6: 6 | S6: QAMCO17 | T6: =VLOOKUP(Q6,lot!$A$3:$E$13372,3,0) -> #N/A | U6: =VLOOKUP(Q6,lot!$A$3:$E$13372,5,0) -> #N/A
B7: Amichlor 400 EC 100 ml1/1/1000 | C7: 11 | E7: Abacel 18 EC 10 X 1 ltr46935 | F7: =VLOOKUP(E7,$B$2:$C$1866,2,0) -> #N/A | G7: =IF(ISNA(F7),"0",F7) -> 0 | L7: Abacel 18 EC 10 X 1 ltr46935 | M7: =VLOOKUP(L7,lot!$A$3:$E$13372,3,0) -> #N/A | Q7: Amichlor 400 EC 100 ml1/1/1000 | R7: 11 | S7: AAMIC01 | T7: =VLOOKUP(Q7,lot!$A$3:$E$13372,3,0) -> #N/A | U7: =VLOOKUP(Q7,lot!$A$3:$E$13372,5,0) -> #N/A
B8: Aminosong Mango 500 ml (Sample)47150 | C8: 4 | E8: Abacel 18 EC 10 X 1 ltr47027 | F8: =VLOOKUP(E8,$B$2:$C$1866,2,0) -> #N/A | G8: =IF(ISNA(F8),"0",F8) -> 0 | L8: Abacel 18 EC 10 X 1 ltr47027 | M8: =VLOOKUP(L8,lot!$A$3:$E$13372,3,0) -> #N/A | Q8: Aminosong Mango 500 ml (Sample)47150 | R8: 4 | S8: AAMIN04 | T8: =VLOOKUP(Q8,lot!$A$3:$E$13372,3,0) -> #N/A | U8: =VLOOKUP(Q8,lot!$A$3:$E$13372,5,0) -> #N/A
B9: Amolin 300 EC 100 X 100 ml46753 | C9: 2590 | E9: Abacel 18 EC 10 X 1 ltr47150 | F9: =VLOOKUP(E9,$B$2:$C$1866,2,0) -> #N/A | G9: =IF(ISNA(F9),"0",F9) -> 0 | L9: Abacel 18 EC 10 X 1 ltr47150 | M9: =VLOOKUP(L9,lot!$A$3:$E$13372,3,0) -> #N/A | Q9: Amolin 300 EC 100 X 100 ml46753 | R9: 2590 | S9: AAMOL01 | T9: =VLOOKUP(Q9,lot!$A$3:$E$13372,3,0) -> #N/A | U9: =VLOOKUP(Q9,lot!$A$3:$E$13372,5,0) -> #N/A
B10: Amolin 300 EC 40 X 250 ml47849 | C10: 35 | E10: Abacel 18 EC 20 X 500 ml46935 | F10: =VLOOKUP(E10,$B$2:$C$1866,2,0) -> #N/A | G10: =IF(ISNA(F10),"0",F10) -> 0 | L10: Abacel 18 EC 20 X 500 ml46935 | M10: =VLOOKUP(L10,lot!$A$3:$E$13372,3,0) -> #N/A | Q10: Amolin 300 EC 40 X 250 ml47849 | R10: 35 | S10: AAMOL02 | T10: =VLOOKUP(Q10,lot!$A$3:$E$13372,3,0) -> #N/A | U10: =VLOOKUP(Q10,lot!$A$3:$E$13372,5,0) -> #N/A
B11: Arendi 20/10 WP 20 X 20 X 25 gr46813 | C11: 2 | E11: Abacel 18 EC 20 X 500 ml47027 | F11: =VLOOKUP(E11,$B$2:$C$1866,2,0) -> #N/A | G11: =IF(ISNA(F11),"0",F11) -> 0 | L11: Abacel 18 EC 20 X 500 ml47027 | M11: =VLOOKUP(L11,lot!$A$3:$E$13372,3,0) -> #N/A | Q11: Arendi 20/10 WP 20 X 20 X 25 gr46813 | R11: 2 | S11: QAREN01 | T11: =VLOOKUP(Q11,lot!$A$3:$E$13372,3,0) -> #N/A | U11: =VLOOKUP(Q11,lot!$A$3:$E$13372,5,0) -> #N/A
B12: Arizona 55 EC 80 ml (Sample)1/1/1000 | C12: 13 | E12: Abacel 18 EC 20 X 500 ml47119 | F12: =VLOOKUP(E12,$B$2:$C$1866,2,0) -> #N/A | G12: =IF(ISNA(F12),"0",F12) -> 0 | L12: Abacel 18 EC 20 X 500 ml47119 | M12: =VLOOKUP(L12,lot!$A$3:$E$13372,3,0) -> #N/A | Q12: Arizona 55 EC 80 ml (Sample)1/1/1000 | R12: 13 | S12: AARIZ01 | T12: =VLOOKUP(Q12,lot!$A$3:$E$13372,3,0) -> #N/A | U12: =VLOOKUP(Q12,lot!$A$3:$E$13372,5,0) -> #N/A
B13: Arjuna 200 EC 50 X 80 ml47270 | C13: 3 | E13: Abacel 18 EC 20 X 500 ml47178 | F13: =VLOOKUP(E13,$B$2:$C$1866,2,0) -> 8730 | G13: =IF(ISNA(F13),"0",F13) -> 8730 | L13: Abacel 18 EC 20 X 500 ml47178 | M13: =VLOOKUP(L13,lot!$A$3:$E$13372,3,0) -> #N/A | Q13: Arjuna 200 EC 50 X 80 ml47270 | R13: 3 | S13: QARJU02 | T13: =VLOOKUP(Q13,lot!$A$3:$E$13372,3,0) -> #N/A | U13: =VLOOKUP(Q13,lot!$A$3:$E$13372,5,0) -> #N/A
... B81: Grandally 25 WP 25 gr1/1/1000 | C81: 33533 | E81: Agrogibb 40 SL 30 X 15 X 35 ml47757 | F81: =VLOOKUP(E81,$B$2:$C$1866,2,0) -> #N/A | G81: =IF(ISNA(F81),"0",F81) -> 0 | L81: Agrogibb 40 SL 30 X 15 X 35 ml47757 | M81: =VLOOKUP(L81,lot!$A$3:$E$13372,3,0) -> #N/A | Q81: Grandally 25 WP 25 gr1/1/1000 | R81: 33533 | S81: QGRAN01 | T81: =VLOOKUP(Q81,lot!$A$3:$E$13372,3,0) -> #N/A | U81: =VLOOKUP(Q81,lot!$A$3:$E$13372,5,0) -> #N/A
B82: Gunting Gland 7" Lady Pruner 05-219 12 X 1 pcs1/1/1000 | C82: 49 | E82: Agrogibb 40 SL 30 X 15 X 35 ml47908 | F82: =VLOOKUP(E82,$B$2:$C$1866,2,0) -> #N/A | G82: =IF(ISNA(F82),"0",F82) -> 0 | L82: Agrogibb 40 SL 30 X 15 X 35 ml47908 | M82: =VLOOKUP(L82,lot!$A$3:$E$13372,3,0) -> #N/A | Q82: Gunting Gland 7" Lady Pruner 05-219 12 X 1 pcs1/1/1000 | R82: 49 | S82: #N/A | T82: =VLOOKUP(Q82,lot!$A$3:$E$13372,3,0) -> #N/A | U82: =VLOOKUP(Q82,lot!$A$3:$E$13372,5,0) -> #N/A
B83: GW Magicgro G6 48 X 248 ml (Sampel)1/1/1000 | C83: 96 | E83: Agrogibb 40 SL 30 X 15 X 35 ml47939 | F83: =VLOOKUP(E83,$B$2:$C$1866,2,0) -> 10760 | G83: =IF(ISNA(F83),"0",F83) -> 10760 | L83: Agrogibb 40 SL 30 X 15 X 35 ml47939 | M83: =VLOOKUP(L83,lot!$A$3:$E$13372,3,0) -> #N/A | Q83: GW Magicgro G6 48 X 248 ml (Sampel)1/1/1000 | R83: 96 | S83: AGWMA03 | T83: =VLOOKUP(Q83,lot!$A$3:$E$13372,3,0) -> #N/A | U83: =VLOOKUP(Q83,lot!$A$3:$E$13372,5,0) -> #N/A
B84: GW Sanilan 12 X 998 ml1/1/1000 | C84: 21 | E84: Agus 500 SC 100 X 100 ml47088 | F84: =VLOOKUP(E84,$B$2:$C$1866,2,0) -> #N/A | G84: =IF(ISNA(F84),"0",F84) -> 0 | L84: Agus 500 SC 100 X 100 ml47088 | M84: =VLOOKUP(L84,lot!$A$3:$E$13372,3,0) -> #N/A | Q84: GW Sanilan 12 X 998 ml1/1/1000 | R84: 21 | S84: AGWSA01 | T84: =VLOOKUP(Q84,lot!$A$3:$E$13372,3,0) -> #N/A | U84: =VLOOKUP(Q84,lot!$A$3:$E$13372,5,0) -> #N/A
B85: GW Vit B1+B6 100 X 100 ml1/1/1000 | C85: 86 | E85: Agus 500 SC 100 X 100 ml47119 | F85: =VLOOKUP(E85,$B$2:$C$1866,2,0) -> #N/A | G85: =IF(ISNA(F85),"0",F85) -> 0 | L85: Agus 500 SC 100 X 100 ml47119 | M85: =VLOOKUP(L85,lot!$A$3:$E$13372,3,0) -> #N/A | Q85: GW Vit B1+B6 100 X 100 ml1/1/1000 | R85: 86 | S85: AGWVI02 | T85: =VLOOKUP(Q85,lot!$A$3:$E$13372,3,0) -> #N/A | U85: =VLOOKUP(Q85,lot!$A$3:$E$13372,5,0) -> #N/A
B86: Handstarter Star Metal1/1/1000 | C86: 11 | E86: Agus 500 SC 100 X 100 ml47178 | F86: =VLOOKUP(E86,$B$2:$C$1866,2,0) -> 6 | G86: =IF(ISNA(F86),"0",F86) -> 6 | L86: Agus 500 SC 100 X 100 ml47178 | M86: =VLOOKUP(L86,lot!$A$3:$E$13372,3,0) -> #N/A | Q86: Handstarter Star Metal1/1/1000 | R86: 11 | S86: QHAND01 | T86: =VLOOKUP(Q86,lot!$A$3:$E$13372,3,0) -> #N/A | U86: =VLOOKUP(Q86,lot!$A$3:$E$13372,5,0) -> #N/A
B87: Hernab 100 EC 1 ltr1/1/1000 | C87: 4 | E87: Agus 500 SC 100 X 100 ml47209 | F87: =VLOOKUP(E87,$B$2:$C$1866,2,0) -> 17900 | G87: =IF(ISNA(F87),"0",F87) -> 17900 | L87: Agus 500 SC 100 X 100 ml47209 | M87: =VLOOKUP(L87,lot!$A$3:$E$13372,3,0) -> #N/A | Q87: Hernab 100 EC 1 ltr1/1/1000 | R87: 4 | S87: AHERN01 | T87: =VLOOKUP(Q87,lot!$A$3:$E$13372,3,0) -> #N/A | U87: =VLOOKUP(Q87,lot!$A$3:$E$13372,5,0) -> #N/A
B88: Hijau 250 ml45200 | C88: 4 | E88: Agus 500 SC 40 X 250 ml47088 | F88: =VLOOKUP(E88,$B$2:$C$1866,2,0) -> #N/A | G88: =IF(ISNA(F88),"0",F88) -> 0 | L88: Agus 500 SC 40 X 250 ml47088 | M88: =VLOOKUP(L88,lot!$A$3:$E$13372,3,0) -> #N/A | Q88: Hijau 250 ml45200 | R88: 4 | S88: AHIJA01 | T88: =VLOOKUP(Q88,lot!$A$3:$E$13372,3,0) -> #N/A | U88: =VLOOKUP(Q88,lot!$A$3:$E$13372,5,0) -> #N/A
B89: HiPro Series 13-7-10 Powder 250 gr (Sample)1/1/1000 | C89: 8 | E89: Agus 500 SC 40 X 250 ml47119 | F89: =VLOOKUP(E89,$B$2:$C$1866,2,0) -> #N/A | G89: =IF(ISNA(F89),"0",F89) -> 0 | L89: Agus 500 SC 40 X 250 ml47119 | M89: =VLOOKUP(L89,lot!$A$3:$E$13372,3,0) -> #N/A | Q89: HiPro Series 13-7-10 Powder 250 gr (Sample)1/1/1000 | R89: 8 | S89: AHIPR01 | T89: =VLOOKUP(Q89,lot!$A$3:$E$13372,3,0) -> #N/A | U89: =VLOOKUP(Q89,lot!$A$3:$E$13372,5,0) -> #N/A
B90: Hoky 30 EC 16 X 1 ltr47270 | C90: 269 | E90: Agus 500 SC 40 X 250 ml47178 | F90: =VLOOKUP(E90,$B$2:$C$1866,2,0) -> #N/A | G90: =IF(ISNA(F90),"0",F90) -> 0 | L90: Agus 500 SC 40 X 250 ml47178 | M90: =VLOOKUP(L90,lot!$A$3:$E$13372,3,0) -> #N/A | Q90: Hoky 30 EC 16 X 1 ltr47270 | R90: 269 | S90: QHOKK03 | T90: =VLOOKUP(Q90,lot!$A$3:$E$13372,3,0) -> #N/A | U90: =VLOOKUP(Q90,lot!$A$3:$E$13372,5,0) -> #N/A
B91: I-Aba SP 250 ml (Sample)1/1/1000 | C91: 3 | E91: Agus 500 SC 40 X 250 ml47209 | F91: =VLOOKUP(E91,$B$2:$C$1866,2,0) -> 18 | G91: =IF(ISNA(F91),"0",F91) -> 18 | L91: Agus 500 SC 40 X 250 ml47209 | M91: =VLOOKUP(L91,lot!$A$3:$E$13372,3,0) -> #N/A | Q91: I-Aba SP 250 ml (Sample)1/1/1000 | R91: 3 | S91: AIABA01 | T91: =VLOOKUP(Q91,lot!$A$3:$E$13372,3,0) -> #N/A | U91: =VLOOKUP(Q91,lot!$A$3:$E$13372,5,0) -> #N/A
B92: I-Lu Tol 100ml (Sample)1/1/1000 | C92: 4 | E92: Agus 500 SC 40 X 250 ml47239 | F92: =VLOOKUP(E92,$B$2:$C$1866,2,0) -> 8440 | G92: =IF(ISNA(F92),"0",F92) -> 8440 | L92: Agus 500 SC 40 X 250 ml47239 | M92: =VLOOKUP(L92,lot!$A$3:$E$13372,3,0) -> #N/A | Q92: I-Lu Tol 100ml (Sample)1/1/1000 | R92: 4 | S92: AILUT01 | T92: =VLOOKUP(Q92,lot!$A$3:$E$13372,3,0) -> #N/A | U92: =VLOOKUP(Q92,lot!$A$3:$E$13372,5,0) -> #N/A
B93: Imuno 20 x 250 ml1/1/1000 | C93: 8 | E93: Agxanazol 200/150 SC 20 X 250 ml47058 | F93: =VLOOKUP(E93,$B$2:$C$1866,2,0) -> #N/A | G93: =IF(ISNA(F93),"0",F93) -> 0 | L93: Agxanazol 200/150 SC 20 X 250 ml47058 | M93: =VLOOKUP(L93,lot!$A$3:$E$13372,3,0) -> #N/A | Q93: Imuno 20 x 250 ml1/1/1000 | R93: 8 | S93: AIMUN01 | T93: =VLOOKUP(Q93,lot!$A$3:$E$13372,3,0) -> #N/A | U93: =VLOOKUP(Q93,lot!$A$3:$E$13372,5,0) -> #N/A
B94: I-Sad 250 ml (Sample)1/1/1000 | C94: 3 | E94: Agxanazol 200/150 SC 20 X 250 ml47209 | F94: =VLOOKUP(E94,$B$2:$C$1866,2,0) -> #N/A | G94: =IF(ISNA(F94),"0",F94) -> 0 | L94: Agxanazol 200/150 SC 20 X 250 ml47209 | M94: =VLOOKUP(L94,lot!$A$3:$E$13372,3,0) -> #N/A | Q94: I-Sad 250 ml (Sample)1/1/1000 | R94: 3 | S94: AISAD01 | T94: =VLOOKUP(Q94,lot!$A$3:$E$13372,3,0) -> #N/A | U94: =VLOOKUP(Q94,lot!$A$3:$E$13372,5,0) -> #N/A
... B100: Jet Stik Sprayer1/1/1000 | C100: 8 | E100: Akalis 550 SC 40 X 250 ml46631 | F100: =VLOOKUP(E100,$B$2:$C$1866,2,0) -> 1037 | G100: =IF(ISNA(F100),"0",F100) -> 1037 | L100: Akalis 550 SC 40 X 250 ml46631 | M100: =VLOOKUP(L100,lot!$A$3:$E$13372,3,0) -> #N/A | Q100: Jet Stik Sprayer1/1/1000 | R100: 8 | S100: AJET 01 | T100: =VLOOKUP(Q100,lot!$A$3:$E$13372,3,0) -> #N/A | U100: =VLOOKUP(Q100,lot!$A$3:$E$13372,5,0) -> #N/A
B101: Kardus Kosong Sprayer Elektrik Quda Karisma 5 L1/1/1000 | C101: 20 | E101: Akrostar 40 WP 100 X 100 gr46600 | F101: =VLOOKUP(E101,$B$2:$C$1866,2,0) -> 1349 | G101: =IF(ISNA(F101),"0",F101) -> 1349 | L101: Akrostar 40 WP 100 X 100 gr46600 | M101: =VLOOKUP(L101,lot!$A$3:$E$13372,3,0) -> #N/A | Q101: Kardus Kosong Sprayer Elektrik Quda Karisma 5 L1/1/1000 | R101: 20 | S101: #N/A | T101: =VLOOKUP(Q101,lot!$A$3:$E$13372,3,0) -> #N/A | U101: =VLOOKUP(Q101,lot!$A$3:$E$13372,5,0) -> #N/A
B102: Klep Kulit 14 ltr Star Metal1/1/1000 | C102: 78 | E102: Akrostar 40 WP 100 X 100 gr46661 | F102: =VLOOKUP(E102,$B$2:$C$1866,2,0) -> 441 | G102: =IF(ISNA(F102),"0",F102) -> 441 | L102: Akrostar 40 WP 100 X 100 gr46661 | M102: =VLOOKUP(L102,lot!$A$3:$E$13372,3,0) -> #N/A | Q102: Klep Kulit 14 ltr Star Metal1/1/1000 | R102: 78 | S102: AKLEP01 | T102: =VLOOKUP(Q102,lot!$A$3:$E$13372,3,0) -> #N/A | U102: =VLOOKUP(Q102,lot!$A$3:$E$13372,5,0) -> #N/A
B103: Klep Kulit 17 ltr Star Metal1/1/1000 | C103: 100 | E103: Akrostar 40 WP 100 X 5 gr46569 | F103: =VLOOKUP(E103,$B$2:$C$1866,2,0) -> 340 | G103: =IF(ISNA(F103),"0",F103) -> 340 | L103: Akrostar 40 WP 100 X 5 gr46569 | M103: =VLOOKUP(L103,lot!$A$3:$E$13372,3,0) -> #N/A | Q103: Klep Kulit 17 ltr Star Metal1/1/1000 | R103: 100 | S103: AKLEP02 | T103: =VLOOKUP(Q103,lot!$A$3:$E$13372,3,0) -> #N/A | U103: =VLOOKUP(Q103,lot!$A$3:$E$13372,5,0) -> #N/A
B104: Konektor Nosel Tutup1/1/1000 | C104: 40 | E104: Akrostar 40 WP 60 X 40 gr47088 | F104: =VLOOKUP(E104,$B$2:$C$1866,2,0) -> 787 | G104: =IF(ISNA(F104),"0",F104) -> 787 | L104: Akrostar 40 WP 60 X 40 gr47088 | M104: =VLOOKUP(L104,lot!$A$3:$E$13372,3,0) -> #N/A | Q104: Konektor Nosel Tutup1/1/1000 | R104: 40 | S104: AKONE01 | T104: =VLOOKUP(Q104,lot!$A$3:$E$13372,3,0) -> #N/A | U104: =VLOOKUP(Q104,lot!$A$3:$E$13372,5,0) -> #N/A
B105: Kran Pencet Star Metal1/1/1000 | C105: 476 | E105: Akrostar 40 WP 60 X 40 gr47119 | F105: =VLOOKUP(E105,$B$2:$C$1866,2,0) -> 1020 | G105: =IF(ISNA(F105),"0",F105) -> 1020 | L105: Akrostar 40 WP 60 X 40 gr47119 | M105: =VLOOKUP(L105,lot!$A$3:$E$13372,3,0) -> #N/A | Q105: Kran Pencet Star Metal1/1/1000 | R105: 476 | S105: QKRAN01 | T105: =VLOOKUP(Q105,lot!$A$3:$E$13372,3,0) -> #N/A | U105: =VLOOKUP(Q105,lot!$A$3:$E$13372,5,0) -> #N/A
B106: Laba Hidroponik 130 gr1/1/1000 | C106: 6 | E106: Alat Kocor Pupuk Cair Quda Karisma 20 ltr1/1/1000 | F106: =VLOOKUP(E106,$B$2:$C$1866,2,0) -> 258 | G106: =IF(ISNA(F106),"0",F106) -> 258 | L106: Alat Kocor Pupuk Cair Quda Karisma 20 ltr1/1/1000 | M106: =VLOOKUP(L106,lot!$A$3:$E$13372,3,0) -> #N/A | Q106: Laba Hidroponik 130 gr1/1/1000 | R106: 6 | S106: ALABA01 | T106: =VLOOKUP(Q106,lot!$A$3:$E$13372,3,0) -> #N/A | U106: =VLOOKUP(Q106,lot!$A$3:$E$13372,5,0) -> #N/A
B107: Laba Hidroponik 142 gr1/1/1000 | C107: 5 | E107: Alat Kocor Pupuk Cair Satagro 25 ltr1/1/1000 | F107: =VLOOKUP(E107,$B$2:$C$1866,2,0) -> 23 | G107: =IF(ISNA(F107),"0",F107) -> 23 | L107: Alat Kocor Pupuk Cair Satagro 25 ltr1/1/1000 | M107: =VLOOKUP(L107,lot!$A$3:$E$13372,3,0) -> #N/A | Q107: Laba Hidroponik 142 gr1/1/1000 | R107: 5 | S107: ALABA02 | T107: =VLOOKUP(Q107,lot!$A$3:$E$13372,3,0) -> #N/A | U107: =VLOOKUP(Q107,lot!$A$3:$E$13372,5,0) -> #N/A
B108: Label Piraklo 250 ml lama1/1/1000 | C108: 951 | E108: Alat Kocor Pupuk Padat Quda Karisma 25 ltr1/1/1000 | F108: =VLOOKUP(E108,$B$2:$C$1866,2,0) -> 360 | G108: =IF(ISNA(F108),"0",F108) -> 360 | L108: Alat Kocor Pupuk Padat Quda Karisma 25 ltr1/1/1000 | M108: =VLOOKUP(L108,lot!$A$3:$E$13372,3,0) -> #N/A | Q108: Label Piraklo 250 ml lama1/1/1000 | R108: 951 | S108: ALABE01 | T108: =VLOOKUP(Q108,lot!$A$3:$E$13372,3,0) -> #N/A | U108: =VLOOKUP(Q108,lot!$A$3:$E$13372,5,0) -> #N/A
B109: Label botol desanto 100 ml1/1/1000 | C109: 54 | E109: Alat Kocor Pupuk Padat Satagro 25 ltr1/1/1000 | F109: =VLOOKUP(E109,$B$2:$C$1866,2,0) -> #N/A | G109: =IF(ISNA(F109),"0",F109) -> 0 | L109: Alat Kocor Pupuk Padat Satagro 25 ltr1/1/1000 | M109: =VLOOKUP(L109,lot!$A$3:$E$13372,3,0) -> #N/A | Q109: Label botol desanto 100 ml1/1/1000 | R109: 54 | S109: ALABE02 | T109: =VLOOKUP(Q109,lot!$A$3:$E$13372,3,0) -> #N/A | U109: =VLOOKUP(Q109,lot!$A$3:$E$13372,5,0) -> #N/A
B110: Label Piraklo 250ml (Logo MIA)1/1/1000 | C110: 80 | E110: Alat Pengikat Tanaman Yoto1/1/1000 | F110: =VLOOKUP(E110,$B$2:$C$1866,2,0) -> 316 | G110: =IF(ISNA(F110),"0",F110) -> 316 | L110: Alat Pengikat Tanaman Yoto1/1/1000 | M110: =VLOOKUP(L110,lot!$A$3:$E$13372,3,0) -> #N/A | Q110: Label Piraklo 250ml (Logo MIA)1/1/1000 | R110: 80 | S110: ALABE03 | T110: =VLOOKUP(Q110,lot!$A$3:$E$13372,3,0) -> #N/A | U110: =VLOOKUP(Q110,lot!$A$3:$E$13372,5,0) -> #N/A
B111: Label botol desanto 250 ml1/1/1000 | C111: 40 | E111: Alat Service YT 5L / 7L1/1/1000 | F111: =VLOOKUP(E111,$B$2:$C$1866,2,0) -> 200 | G111: =IF(ISNA(F111),"0",F111) -> 200 | L111: Alat Service YT 5L / 7L1/1/1000 | M111: =VLOOKUP(L111,lot!$A$3:$E$13372,3,0) -> #N/A | Q111: Label botol desanto 250 ml1/1/1000 | R111: 40 | S111: ALABE04 | T111: =VLOOKUP(Q111,lot!$A$3:$E$13372,3,0) -> #N/A | U111: =VLOOKUP(Q111,lot!$A$3:$E$13372,5,0) -> #N/A
B112: Lenadro 200/70/30 OD 40 X 250 ml (Sample)47818 | C112: 1344 | E112: Alat Tanam Jagung 1 Output Satagro MTB-006 6 X 1 pcs1/1/1000 | F112: =VLOOKUP(E112,$B$2:$C$1866,2,0) -> 1278 | G112: =IF(ISNA(F112),"0",F112) -> 1278 | L112: Alat Tanam Jagung 1 Output Satagro MTB-006 6 X 1 pcs1/1/1000 | M112: =VLOOKUP(L112,lot!$A$3:$E$13372,3,0) -> #N/A | Q112: Lenadro 200/70/30 OD 40 X 250 ml (Sample)47818 | R112: 1344 | S112: ALENA01 | T112: =VLOOKUP(Q112,lot!$A$3:$E$13372,3,0) -> #N/A | U112: =VLOOKUP(Q112,lot!$A$3:$E$13372,5,0) -> #N/A
B113: Magshumat 500 ml1/1/1000 | C113: 4 | E113: Alat Tanam Jagung Imtagro MTB-2 X 6 SS1/1/1000 | F113: =VLOOKUP(E113,$B$2:$C$1866,2,0) -> 6 | G113: =IF(ISNA(F113),"0",F113) -> 6 | L113: Alat Tanam Jagung Imtagro MTB-2 X 6 SS1/1/1000 | M113: =VLOOKUP(L113,lot!$A$3:$E$13372,3,0) -> #N/A | Q113: Magshumat 500 ml1/1/1000 | R113: 4 | S113: AMAGS01 | T113: =VLOOKUP(Q113,lot!$A$3:$E$13372,3,0) -> #N/A | U113: =VLOOKUP(Q113,lot!$A$3:$E$13372,5,0) -> #N/A
... B251: Ventory 865 SL 400 gr40452 | C251: 1 | E251: Asia Top 288 SL 20 X 1 ltr47788 | F251: =VLOOKUP(E251,$B$2:$C$1866,2,0) -> 3236 | G251: =IF(ISNA(F251),"0",F251) -> 3236 | L251: Asia Top 288 SL 20 X 1 ltr47788 | M251: =VLOOKUP(L251,lot!$A$3:$E$13372,3,0) -> #N/A | Q251: Ventory 865 SL 400 gr40452 | R251: 1 | S251: AVENT01 | T251: =VLOOKUP(Q251,lot!$A$3:$E$13372,3,0) -> #N/A | U251: =VLOOKUP(Q251,lot!$A$3:$E$13372,5,0) -> #N/A
B252: Vertibak 60 SP 50 X 100 gr1/1/1000 | C252: 6 | E252: Asia Top 288 SL 20 X 1 ltr47908 | F252: =VLOOKUP(E252,$B$2:$C$1866,2,0) -> 5000 | G252: =IF(ISNA(F252),"0",F252) -> 5000 | L252: Asia Top 288 SL 20 X 1 ltr47908 | M252: =VLOOKUP(L252,lot!$A$3:$E$13372,3,0) -> #N/A | Q252: Vertibak 60 SP 50 X 100 gr1/1/1000 | R252: 6 | S252: #N/A | T252: =VLOOKUP(Q252,lot!$A$3:$E$13372,3,0) -> #N/A | U252: =VLOOKUP(Q252,lot!$A$3:$E$13372,5,0) -> #N/A
B253: Vishaka 200 EC 20 X 500 ml45778 | C253: 46 | E253: Asia Top 288 SL 4 X 5 ltr47574 | F253: =VLOOKUP(E253,$B$2:$C$1866,2,0) -> 10 | G253: =IF(ISNA(F253),"0",F253) -> 10 | L253: Asia Top 288 SL 4 X 5 ltr47574 | M253: =VLOOKUP(L253,lot!$A$3:$E$13372,3,0) -> #N/A | Q253: Vishaka 200 EC 20 X 500 ml45778 | R253: 46 | S253: QVISH01 | T253: =VLOOKUP(Q253,lot!$A$3:$E$13372,3,0) -> #N/A | U253: =VLOOKUP(Q253,lot!$A$3:$E$13372,5,0) -> #N/A
B254: Vishaka 200 EC 20 X 500 ml47088 | C254: 2 | E254: Asia Top 288 SL 4 X 5 ltr47635 | F254: =VLOOKUP(E254,$B$2:$C$1866,2,0) -> 48 | G254: =IF(ISNA(F254),"0",F254) -> 48 | L254: Asia Top 288 SL 4 X 5 ltr47635 | M254: =VLOOKUP(L254,lot!$A$3:$E$13372,3,0) -> #N/A | Q254: Vishaka 200 EC 20 X 500 ml47088 | R254: 2 | S254: QVISH01 | T254: =VLOOKUP(Q254,lot!$A$3:$E$13372,3,0) -> #N/A | U254: =VLOOKUP(Q254,lot!$A$3:$E$13372,5,0) -> #N/A
B255: Vista 400 SL 100 ml (Sample)1/1/1000 | C255: 36 | E255: Asia Top 288 SL 4 X 5 ltr47788 | F255: =VLOOKUP(E255,$B$2:$C$1866,2,0) -> 40 | G255: =IF(ISNA(F255),"0",F255) -> 40 | L255: Asia Top 288 SL 4 X 5 ltr47788 | M255: =VLOOKUP(L255,lot!$A$3:$E$13372,3,0) -> #N/A | Q255: Vista 400 SL 100 ml (Sample)1/1/1000 | R255: 36 | S255: AVIST04 | T255: =VLOOKUP(Q255,lot!$A$3:$E$13372,3,0) -> #N/A | U255: =VLOOKUP(Q255,lot!$A$3:$E$13372,5,0) -> #N/A
B256: Volt Meter YEP181/1/1000 | C256: 5 | E256: Asia Top 288 SL 4 X 5 ltr47818 | F256: =VLOOKUP(E256,$B$2:$C$1866,2,0) -> 247 | G256: =IF(ISNA(F256),"0",F256) -> 247 | L256: Asia Top 288 SL 4 X 5 ltr47818 | M256: =VLOOKUP(L256,lot!$A$3:$E$13372,3,0) -> #N/A | Q256: Volt Meter YEP181/1/1000 | R256: 5 | S256: AVOLT01 | T256: =VLOOKUP(Q256,lot!$A$3:$E$13372,3,0) -> #N/A | U256: =VLOOKUP(Q256,lot!$A$3:$E$13372,5,0) -> #N/A
B257: Yoto Perfume Spray 118 X 120 ml45231 | C257: 91 | E257: Asia Top 288 SL 4 X 5 ltr47908 | F257: =VLOOKUP(E257,$B$2:$C$1866,2,0) -> 84 | G257: =IF(ISNA(F257),"0",F257) -> 84 | L257: Asia Top 288 SL 4 X 5 ltr47908 | M257: =VLOOKUP(L257,lot!$A$3:$E$13372,3,0) -> #N/A | Q257: Yoto Perfume Spray 118 X 120 ml45231 | R257: 91 | S257: AYOTO01 | T257: =VLOOKUP(Q257,lot!$A$3:$E$13372,3,0) -> #N/A | U257: =VLOOKUP(Q257,lot!$A$3:$E$13372,5,0) -> #N/A
B258: Benang Pe mlg1/1/1000 | C258: 3775 | E258: Asiacol 70 WP 12 X 1 kg47727 | F258: =VLOOKUP(E258,$B$2:$C$1866,2,0) -> #N/A | G258: =IF(ISNA(F258),"0",F258) -> 0 | L258: Asiacol 70 WP 12 X 1 kg47727 | M258: =VLOOKUP(L258,lot!$A$3:$E$13372,3,0) -> #N/A | Q258: Benang Pe mlg1/1/1000 | R258: 3775 | S258: CBENA01 | T258: =VLOOKUP(Q258,lot!$A$3:$E$13372,3,0) -> #N/A | U258: =VLOOKUP(Q258,lot!$A$3:$E$13372,5,0) -> #N/A
B259: Cabe Darmais F1 12 X 15 X 10 gr46643 | C259: 720 | E259: Asiacol 70 WP 20 X 250 gr47727 | F259: =VLOOKUP(E259,$B$2:$C$1866,2,0) -> #N/A | G259: =IF(ISNA(F259),"0",F259) -> 0 | L259: Asiacol 70 WP 20 X 250 gr47727 | M259: =VLOOKUP(L259,lot!$A$3:$E$13372,3,0) -> #N/A | Q259: Cabe Darmais F1 12 X 15 X 10 gr46643 | R259: 720 | S259: QCABE63 | T259: =VLOOKUP(Q259,lot!$A$3:$E$13372,3,0) -> #N/A | U259: =VLOOKUP(Q259,lot!$A$3:$E$13372,5,0) -> #N/A
B260: Smk. Madrid F1 12 X 10 X 20 gr46653 | C260: 2280 | E260: Aslinya 75 WP 100 X 100 gr46631 | F260: =VLOOKUP(E260,$B$2:$C$1866,2,0) -> 570 | G260: =IF(ISNA(F260),"0",F260) -> 570 | L260: Aslinya 75 WP 100 X 100 gr46631 | M260: =VLOOKUP(L260,lot!$A$3:$E$13372,3,0) -> #N/A | Q260: Smk. Madrid F1 12 X 10 X 20 gr46653 | R260: 2280 | S260: QSMK24 | T260: =VLOOKUP(Q260,lot!$A$3:$E$13372,3,0) -> #N/A | U260: =VLOOKUP(Q260,lot!$A$3:$E$13372,5,0) -> #N/A
B261: Smk. Madrid F1 12 X 10 X 20 gr46656 | C261: 1200 | E261: Aslinya 75 WP 20 X 20 X 25 gr46023 | F261: =VLOOKUP(E261,$B$2:$C$1866,2,0) -> #N/A | G261: =IF(ISNA(F261),"0",F261) -> 0 | L261: Aslinya 75 WP 20 X 20 X 25 gr46023 | M261: =VLOOKUP(L261,lot!$A$3:$E$13372,3,0) -> #N/A | Q261: Smk. Madrid F1 12 X 10 X 20 gr46656 | R261: 1200 | S261: QSMK24 | T261: =VLOOKUP(Q261,lot!$A$3:$E$13372,3,0) -> #N/A | U261: =VLOOKUP(Q261,lot!$A$3:$E$13372,5,0) -> #N/A
B262: Spontas 450 SL 10 X 1 ltr47665 | C262: 4 | E262: Aslinya 75 WP 20 X 20 X 25 gr47453 | F262: =VLOOKUP(E262,$B$2:$C$1866,2,0) -> #N/A | G262: =IF(ISNA(F262),"0",F262) -> 0 | L262: Aslinya 75 WP 20 X 20 X 25 gr47453 | M262: =VLOOKUP(L262,lot!$A$3:$E$13372,3,0) -> #N/A | Q262: Spontas 450 SL 10 X 1 ltr47665 | R262: 4 | S262: CSPON01 | T262: =VLOOKUP(Q262,lot!$A$3:$E$13372,3,0) -> #N/A | U262: =VLOOKUP(Q262,lot!$A$3:$E$13372,5,0) -> #N/A
B263: Tali Gawar 989 40 X 600 gr1/1/1000 | C263: 12040 | E263: Associate 200 SC 20 X 250 ml46600 | F263: =VLOOKUP(E263,$B$2:$C$1866,2,0) -> 11193 | G263: =IF(ISNA(F263),"0",F263) -> 11193 | L263: Associate 200 SC 20 X 250 ml46600 | M263: =VLOOKUP(L263,lot!$A$3:$E$13372,3,0) -> #N/A | Q263: Tali Gawar 989 40 X 600 gr1/1/1000 | R263: 12040 | S263: CTALI01 | T263: =VLOOKUP(Q263,lot!$A$3:$E$13372,3,0) -> #N/A | U263: =VLOOKUP(Q263,lot!$A$3:$E$13372,5,0) -> #N/A
B264: Terbas 490 SL 20 X 1 ltr47880 | C264: 1800 | E264: Associate 200 SC 50 X 80 ml (Sample)46600 | F264: =VLOOKUP(E264,$B$2:$C$1866,2,0) -> 646 | G264: =IF(ISNA(F264),"0",F264) -> 646 | L264: Associate 200 SC 50 X 80 ml (Sample)46600 | M264: =VLOOKUP(L264,lot!$A$3:$E$13372,3,0) -> #N/A | Q264: Terbas 490 SL 20 X 1 ltr47880 | R264: 1800 | S264: CTERB01 | T264: =VLOOKUP(Q264,lot!$A$3:$E$13372,3,0) -> #N/A | U264: =VLOOKUP(Q264,lot!$A$3:$E$13372,5,0) -> #N/A
... B377: Aneto 50 EC 50 X 100 ml47270 | C377: 1000 | E377: Biggrow 20 WP 6 X 50 X 5 gr47849 | F377: =VLOOKUP(E377,$B$2:$C$1866,2,0) -> 1500 | G377: =IF(ISNA(F377),"0",F377) -> 1500 | L377: Biggrow 20 WP 6 X 50 X 5 gr47849 | M377: =VLOOKUP(L377,lot!$A$3:$E$13372,3,0) -> #N/A | Q377: Aneto 50 EC 50 X 100 ml47270 | R377: 1000 | S377: QANET04 | T377: =VLOOKUP(Q377,lot!$A$3:$E$13372,3,0) -> #N/A | U377: =VLOOKUP(Q377,lot!$A$3:$E$13372,5,0) -> #N/A
B378: Aneto 50 EC 50 X 100 ml46508 | C378: 4 | E378: Biggrow 20 WP 6 X 50 X 5 gr48214 | F378: =VLOOKUP(E378,$B$2:$C$1866,2,0) -> 191547 | G378: =IF(ISNA(F378),"0",F378) -> 191547 | L378: Biggrow 20 WP 6 X 50 X 5 gr48214 | M378: =VLOOKUP(L378,lot!$A$3:$E$13372,3,0) -> #N/A | Q378: Aneto 50 EC 50 X 100 ml46508 | R378: 4 | S378: #N/A | T378: =VLOOKUP(Q378,lot!$A$3:$E$13372,3,0) -> #N/A | U378: =VLOOKUP(Q378,lot!$A$3:$E$13372,5,0) -> #N/A
B379: Aneto 50 EC 30 X 500 ml + 2 pcs Neptune 8 gr46997 | C379: 794 | E379: Biochem Umum 30 X 500 ml1/1/1000 | F379: =VLOOKUP(E379,$B$2:$C$1866,2,0) -> #N/A | G379: =IF(ISNA(F379),"0",F379) -> 0 | L379: Biochem Umum 30 X 500 ml1/1/1000 | M379: =VLOOKUP(L379,lot!$A$3:$E$13372,3,0) -> #N/A | Q379: Aneto 50 EC 30 X 500 ml + 2 pcs Neptune 8 gr46997 | R379: 794 | S379: #N/A | T379: =VLOOKUP(Q379,lot!$A$3:$E$13372,3,0) -> #N/A | U379: =VLOOKUP(Q379,lot!$A$3:$E$13372,5,0) -> #N/A
B380: Aneto 50 EC 50 X 250 ml + 1 pcs Neptune 8 gr46874 | C380: 641 | E380: Biochem Umum 30 X 500 ml47696 | F380: =VLOOKUP(E380,$B$2:$C$1866,2,0) -> #N/A | G380: =IF(ISNA(F380),"0",F380) -> 0 | L380: Biochem Umum 30 X 500 ml47696 | M380: =VLOOKUP(L380,lot!$A$3:$E$13372,3,0) -> #N/A | Q380: Aneto 50 EC 50 X 250 ml + 1 pcs Neptune 8 gr46874 | R380: 641 | S380: #N/A | T380: =VLOOKUP(Q380,lot!$A$3:$E$13372,3,0) -> #N/A | U380: =VLOOKUP(Q380,lot!$A$3:$E$13372,5,0) -> #N/A
B381: Antramix 30/22.5 SG 100 X 100 gr46539 | C381: 993 | E381: Biochems Vit B1+B6 20 X 1 ltr47757 | F381: =VLOOKUP(E381,$B$2:$C$1866,2,0) -> #N/A | G381: =IF(ISNA(F381),"0",F381) -> 0 | L381: Biochems Vit B1+B6 20 X 1 ltr47757 | M381: =VLOOKUP(L381,lot!$A$3:$E$13372,3,0) -> #N/A | Q381: Antramix 30/22.5 SG 100 X 100 gr46539 | R381: 993 | S381: AANTR04 | T381: =VLOOKUP(Q381,lot!$A$3:$E$13372,3,0) -> #N/A | U381: =VLOOKUP(Q381,lot!$A$3:$E$13372,5,0) -> #N/A
B382: A-PlusCal 20 X 250 gr47484 | C382: 2 | E382: Biochems Vit B1+B6 20 X 1 ltr47818 | F382: =VLOOKUP(E382,$B$2:$C$1866,2,0) -> 152 | G382: =IF(ISNA(F382),"0",F382) -> 152 | L382: Biochems Vit B1+B6 20 X 1 ltr47818 | M382: =VLOOKUP(L382,lot!$A$3:$E$13372,3,0) -> #N/A | Q382: A-PlusCal 20 X 250 gr47484 | R382: 2 | S382: QAPLU01 | T382: =VLOOKUP(Q382,lot!$A$3:$E$13372,3,0) -> #N/A | U382: =VLOOKUP(Q382,lot!$A$3:$E$13372,5,0) -> #N/A
B383: A-PlusCal 20 X 250 gr47908 | C383: 1040 | E383: Biochems Vit B1+B6 25 X 250 ml (Sample)47788 | F383: =VLOOKUP(E383,$B$2:$C$1866,2,0) -> #N/A | G383: =IF(ISNA(F383),"0",F383) -> 0 | L383: Biochems Vit B1+B6 25 X 250 ml (Sample)47788 | M383: =VLOOKUP(L383,lot!$A$3:$E$13372,3,0) -> #N/A | Q383: A-PlusCal 20 X 250 gr47908 | R383: 1040 | S383: QAPLU01 | T383: =VLOOKUP(Q383,lot!$A$3:$E$13372,3,0) -> #N/A | U383: =VLOOKUP(Q383,lot!$A$3:$E$13372,5,0) -> #N/A
B384: Applaud 10 WP 20 X 5 X 100 gr47574 | C384: 48 | E384: Biochems Vit B1+B6 30 X 500 ml47543 | F384: =VLOOKUP(E384,$B$2:$C$1866,2,0) -> 143 | G384: =IF(ISNA(F384),"0",F384) -> 143 | L384: Biochems Vit B1+B6 30 X 500 ml47543 | M384: =VLOOKUP(L384,lot!$A$3:$E$13372,3,0) -> #N/A | Q384: Applaud 10 WP 20 X 5 X 100 gr47574 | R384: 48 | S384: QAPPL01 | T384: =VLOOKUP(Q384,lot!$A$3:$E$13372,3,0) -> #N/A | U384: =VLOOKUP(Q384,lot!$A$3:$E$13372,5,0) -> #N/A
B385: Arcanate 40/160 SC 40 X 250 ml47209 | C385: 40 | E385: Biochems Vit B1+B6 30 X 500 ml47818 | F385: =VLOOKUP(E385,$B$2:$C$1866,2,0) -> 617 | G385: =IF(ISNA(F385),"0",F385) -> 617 | L385: Biochems Vit B1+B6 30 X 500 ml47818 | M385: =VLOOKUP(L385,lot!$A$3:$E$13372,3,0) -> #N/A | Q385: Arcanate 40/160 SC 40 X 250 ml47209 | R385: 40 | S385: QARCA01 | T385: =VLOOKUP(Q385,lot!$A$3:$E$13372,3,0) -> #N/A | U385: =VLOOKUP(Q385,lot!$A$3:$E$13372,5,0) -> #N/A
B386: Arendi 20/10 WP 20 X 20 X 25 gr47150 | C386: 3803 | E386: Biochems Vit B1+B6 40 X 250 ml47818 | F386: =VLOOKUP(E386,$B$2:$C$1866,2,0) -> 855 | G386: =IF(ISNA(F386),"0",F386) -> 855 | L386: Biochems Vit B1+B6 40 X 250 ml47818 | M386: =VLOOKUP(L386,lot!$A$3:$E$13372,3,0) -> #N/A | Q386: Arendi 20/10 WP 20 X 20 X 25 gr47150 | R386: 3803 | S386: QAREN01 | T386: =VLOOKUP(Q386,lot!$A$3:$E$13372,3,0) -> #N/A | U386: =VLOOKUP(Q386,lot!$A$3:$E$13372,5,0) -> #N/A
B387: Armeira 30 WG 10 X 20 X 50 gr47665 | C387: 1888 | E387: Biokillia 50 X 50 gr47788 | F387: =VLOOKUP(E387,$B$2:$C$1866,2,0) -> #N/A | G387: =IF(ISNA(F387),"0",F387) -> 0 | L387: Biokillia 50 X 50 gr47788 | M387: =VLOOKUP(L387,lot!$A$3:$E$13372,3,0) -> #N/A | Q387: Armeira 30 WG 10 X 20 X 50 gr47665 | R387: 1888 | S387: QARME01 | T387: =VLOOKUP(Q387,lot!$A$3:$E$13372,3,0) -> #N/A | U387: =VLOOKUP(Q387,lot!$A$3:$E$13372,5,0) -> #N/A
B388: Armeira 30 WG 10 X 20 X 50 gr47880 | C388: 200 | E388: Bion M 1/48 WP 20 X 500 gr46692 | F388: =VLOOKUP(E388,$B$2:$C$1866,2,0) -> #N/A | G388: =IF(ISNA(F388),"0",F388) -> 0 | L388: Bion M 1/48 WP 20 X 500 gr46692 | M388: =VLOOKUP(L388,lot!$A$3:$E$13372,3,0) -> #N/A | Q388: Armeira 30 WG 10 X 20 X 50 gr47880 | R388: 200 | S388: QARME01 | T388: =VLOOKUP(Q388,lot!$A$3:$E$13372,3,0) -> #N/A | U388: =VLOOKUP(Q388,lot!$A$3:$E$13372,5,0) -> #N/A
B389: Asetor 250 EC 40 X 250 ml46997 | C389: 295 | E389: Bion M 1/48 WP 20 X 500 gr46784 | F389: =VLOOKUP(E389,$B$2:$C$1866,2,0) -> #N/A | G389: =IF(ISNA(F389),"0",F389) -> 0 | L389: Bion M 1/48 WP 20 X 500 gr46784 | M389: =VLOOKUP(L389,lot!$A$3:$E$13372,3,0) -> #N/A | Q389: Asetor 250 EC 40 X 250 ml46997 | R389: 295 | S389: QASET02 | T389: =VLOOKUP(Q389,lot!$A$3:$E$13372,3,0) -> #N/A | U389: =VLOOKUP(Q389,lot!$A$3:$E$13372,5,0) -> #N/A
B390: Asia Top 288 SL 20 X 1 ltr47788 | C390: 3236 | E390: Bion M 1/48 WP 20 X 500 gr46813 | F390: =VLOOKUP(E390,$B$2:$C$1866,2,0) -> 2880 | G390: =IF(ISNA(F390),"0",F390) -> 2880 | L390: Bion M 1/48 WP 20 X 500 gr46813 | M390: =VLOOKUP(L390,lot!$A$3:$E$13372,3,0) -> #N/A | Q390: Asia Top 288 SL 20 X 1 ltr47788 | R390: 3236 | S390: AASIA03 | T390: =VLOOKUP(Q390,lot!$A$3:$E$13372,3,0) -> #N/A | U390: =VLOOKUP(Q390,lot!$A$3:$E$13372,5,0) -> #N/A
B391: Asia Top 288 SL 20 X 1 ltr47908 | C391: 5000 | E391: Bionik 400 EC 20 X 500 ml47727 | F391: =VLOOKUP(E391,$B$2:$C$1866,2,0) -> #N/A | G391: =IF(ISNA(F391),"0",F391) -> 0 | L391: Bionik 400 EC 20 X 500 ml47727 | M391: =VLOOKUP(L391,lot!$A$3:$E$13372,3,0) -> #N/A | Q391: Asia Top 288 SL 20 X 1 ltr47908 | R391: 5000 | S391: AASIA03 | T391: =VLOOKUP(Q391,lot!$A$3:$E$13372,3,0) -> #N/A | U391: =VLOOKUP(Q391,lot!$A$3:$E$13372,5,0) -> #N/A
B392: Asia Top 288 SL 4 X 5 ltr47574 | C392: 10 | E392: Bionik 400 EC 20 X 500 ml47818 | F392: =VLOOKUP(E392,$B$2:$C$1866,2,0) -> #N/A | G392: =IF(ISNA(F392),"0",F392) -> 0 | L392: Bionik 400 EC 20 X 500 ml47818 | M392: =VLOOKUP(L392,lot!$A$3:$E$13372,3,0) -> #N/A | Q392: Asia Top 288 SL 4 X 5 ltr47574 | R392: 10 | S392: QASIA02 | T392: =VLOOKUP(Q392,lot!$A$3:$E$13372,3,0) -> #N/A | U392: =VLOOKUP(Q392,lot!$A$3:$E$13372,5,0) -> #N/A
... B437: Benabel Plus 120/35 SC 64 X 100 ml47818 | C437: 34 | E437: BM Lamda 50 EC 20 X 500 ml47270 | F437: =VLOOKUP(E437,$B$2:$C$1866,2,0) -> 9 | G437: =IF(ISNA(F437),"0",F437) -> 9 | L437: BM Lamda 50 EC 20 X 500 ml47270 | M437: =VLOOKUP(L437,lot!$A$3:$E$13372,3,0) -> #N/A | Q437: Benabel Plus 120/35 SC 64 X 100 ml47818 | R437: 34 | S437: QBENA02 | T437: =VLOOKUP(Q437,lot!$A$3:$E$13372,3,0) -> #N/A | U437: =VLOOKUP(Q437,lot!$A$3:$E$13372,5,0) -> #N/A
B438: Benabel Plus 120/35 SC 64 X 100 ml47908 | C438: 960 | E438: BM Lamda 50 EC 20 X 500 ml47515 | F438: =VLOOKUP(E438,$B$2:$C$1866,2,0) -> #N/A | G438: =IF(ISNA(F438),"0",F438) -> 0 | L438: BM Lamda 50 EC 20 X 500 ml47515 | M438: =VLOOKUP(L438,lot!$A$3:$E$13372,3,0) -> #N/A | Q438: Benabel Plus 120/35 SC 64 X 100 ml47908 | R438: 960 | S438: #N/A | T438: =VLOOKUP(Q438,lot!$A$3:$E$13372,3,0) -> #N/A | U438: =VLOOKUP(Q438,lot!$A$3:$E$13372,5,0) -> #N/A
B439: Benabel Plus 120/35 SC 48 X 250 ml47908 | C439: 1344 | E439: BM Lamda 50 EC 20 X 500 ml47543 | F439: =VLOOKUP(E439,$B$2:$C$1866,2,0) -> #N/A | G439: =IF(ISNA(F439),"0",F439) -> 0 | L439: BM Lamda 50 EC 20 X 500 ml47543 | M439: =VLOOKUP(L439,lot!$A$3:$E$13372,3,0) -> #N/A | Q439: Benabel Plus 120/35 SC 48 X 250 ml47908 | R439: 1344 | S439: QBENA03 | T439: =VLOOKUP(Q439,lot!$A$3:$E$13372,3,0) -> #N/A | U439: =VLOOKUP(Q439,lot!$A$3:$E$13372,5,0) -> #N/A
B440: Benabel Plus 120/35 SC 48 X 250 ml47880 | C440: 65 | E440: BM Lamda 50 EC 20 X 500 ml47574 | F440: =VLOOKUP(E440,$B$2:$C$1866,2,0) -> #N/A | G440: =IF(ISNA(F440),"0",F440) -> 0 | L440: BM Lamda 50 EC 20 X 500 ml47574 | M440: =VLOOKUP(L440,lot!$A$3:$E$13372,3,0) -> #N/A | Q440: Benabel Plus 120/35 SC 48 X 250 ml47880 | R440: 65 | S440: QBENA03 | T440: =VLOOKUP(Q440,lot!$A$3:$E$13372,3,0) -> #N/A | U440: =VLOOKUP(Q440,lot!$A$3:$E$13372,5,0) -> #N/A
B441: Benabel Plus 120/35 SC 48 X 250 ml47969 | C441: 1056 | E441: BM Lamda 50 EC 20 X 500 ml47635 | F441: =VLOOKUP(E441,$B$2:$C$1866,2,0) -> 419 | G441: =IF(ISNA(F441),"0",F441) -> 419 | L441: BM Lamda 50 EC 20 X 500 ml47635 | M441: =VLOOKUP(L441,lot!$A$3:$E$13372,3,0) -> #N/A | Q441: Benabel Plus 120/35 SC 48 X 250 ml47969 | R441: 1056 | S441: QBENA03 | T441: =VLOOKUP(Q441,lot!$A$3:$E$13372,3,0) -> #N/A | U441: =VLOOKUP(Q441,lot!$A$3:$E$13372,5,0) -> #N/A
B442: Bencore 250 EC 20 X 200 ml46966 | C442: 3 | E442: BM Lamda 50 EC 20 X 500 ml47727 | F442: =VLOOKUP(E442,$B$2:$C$1866,2,0) -> 1360 | G442: =IF(ISNA(F442),"0",F442) -> 1360 | L442: BM Lamda 50 EC 20 X 500 ml47727 | M442: =VLOOKUP(L442,lot!$A$3:$E$13372,3,0) -> #N/A | Q442: Bencore 250 EC 20 X 200 ml46966 | R442: 3 | S442: QBENC01 | T442: =VLOOKUP(Q442,lot!$A$3:$E$13372,3,0) -> #N/A | U442: =VLOOKUP(Q442,lot!$A$3:$E$13372,5,0) -> #N/A
B443: Bencore 250 EC 20 X 400 ml46508 | C443: 1 | E443: BM Lamda 50 EC 20 X 500 ml47757 | F443: =VLOOKUP(E443,$B$2:$C$1866,2,0) -> 400 | G443: =IF(ISNA(F443),"0",F443) -> 400 | L443: BM Lamda 50 EC 20 X 500 ml47757 | M443: =VLOOKUP(L443,lot!$A$3:$E$13372,3,0) -> #N/A | Q443: Bencore 250 EC 20 X 400 ml46508 | R443: 1 | S443: QBENC02 | T443: =VLOOKUP(Q443,lot!$A$3:$E$13372,3,0) -> #N/A | U443: =VLOOKUP(Q443,lot!$A$3:$E$13372,5,0) -> #N/A
B444: Benfuron 12/18 WP 160 X 25 gr46753 | C444: 37750 | E444: BM Optimas Kelp Premium 20 X 500 ml47027 | F444: =VLOOKUP(E444,$B$2:$C$1866,2,0) -> 180 | G444: =IF(ISNA(F444),"0",F444) -> 180 | L444: BM Optimas Kelp Premium 20 X 500 ml47027 | M444: =VLOOKUP(L444,lot!$A$3:$E$13372,3,0) -> #N/A | Q444: Benfuron 12/18 WP 160 X 25 gr46753 | R444: 37750 | S444: QBENF01 | T444: =VLOOKUP(Q444,lot!$A$3:$E$13372,3,0) -> #N/A | U444: =VLOOKUP(Q444,lot!$A$3:$E$13372,5,0) -> #N/A
B445: Bernas 250 EC 50 X 250 ml47027 | C445: 149 | E445: BM Promax 75 SP 100 X 100 gr47239 | F445: =VLOOKUP(E445,$B$2:$C$1866,2,0) -> 7719 | G445: =IF(ISNA(F445),"0",F445) -> 7719 | L445: BM Promax 75 SP 100 X 100 gr47239 | M445: =VLOOKUP(L445,lot!$A$3:$E$13372,3,0) -> #N/A | Q445: Bernas 250 EC 50 X 250 ml47027 | R445: 149 | S445: #N/A | T445: =VLOOKUP(Q445,lot!$A$3:$E$13372,3,0) -> #N/A | U445: =VLOOKUP(Q445,lot!$A$3:$E$13372,5,0) -> #N/A
B446: Bernas 250 EC 50 X 250 ml46905 | C446: 490 | E446: BM Promax 75 SP 20 X 500 gr47635 | F446: =VLOOKUP(E446,$B$2:$C$1866,2,0) -> 696 | G446: =IF(ISNA(F446),"0",F446) -> 696 | L446: BM Promax 75 SP 20 X 500 gr47635 | M446: =VLOOKUP(L446,lot!$A$3:$E$13372,3,0) -> #N/A | Q446: Bernas 250 EC 50 X 250 ml46905 | R446: 490 | S446: QBERN03 | T446: =VLOOKUP(Q446,lot!$A$3:$E$13372,3,0) -> #N/A | U446: =VLOOKUP(Q446,lot!$A$3:$E$13372,5,0) -> #N/A
B447: Bernas 250 EC 50 X 100 ml46600 | C447: 450 | E447: BM Promax 75 SP 20 X 500 gr47727 | F447: =VLOOKUP(E447,$B$2:$C$1866,2,0) -> 460 | G447: =IF(ISNA(F447),"0",F447) -> 460 | L447: BM Promax 75 SP 20 X 500 gr47727 | M447: =VLOOKUP(L447,lot!$A$3:$E$13372,3,0) -> #N/A | Q447: Bernas 250 EC 50 X 100 ml46600 | R447: 450 | S447: QBERN04 | T447: =VLOOKUP(Q447,lot!$A$3:$E$13372,3,0) -> #N/A | U447: =VLOOKUP(Q447,lot!$A$3:$E$13372,5,0) -> #N/A
B448: Bestar 200 SL 20 X 1 ltr47908 | C448: 11 | E448: BM Trox 200/125 SC 40 X 250 ml47604 | F448: =VLOOKUP(E448,$B$2:$C$1866,2,0) -> 133 | G448: =IF(ISNA(F448),"0",F448) -> 133 | L448: BM Trox 200/125 SC 40 X 250 ml47604 | M448: =VLOOKUP(L448,lot!$A$3:$E$13372,3,0) -> #N/A | Q448: Bestar 200 SL 20 X 1 ltr47908 | R448: 11 | S448: QBEST06 | T448: =VLOOKUP(Q448,lot!$A$3:$E$13372,3,0) -> #N/A | U448: =VLOOKUP(Q448,lot!$A$3:$E$13372,5,0) -> #N/A
B449: Bestar 200 SL 20 X 1 ltr47969 | C449: 5540 | E449: BM Trox 200/125 SC 40 X 250 ml47665 | F449: =VLOOKUP(E449,$B$2:$C$1866,2,0) -> 1840 | G449: =IF(ISNA(F449),"0",F449) -> 1840 | L449: BM Trox 200/125 SC 40 X 250 ml47665 | M449: =VLOOKUP(L449,lot!$A$3:$E$13372,3,0) -> #N/A | Q449: Bestar 200 SL 20 X 1 ltr47969 | R449: 5540 | S449: QBEST06 | T449: =VLOOKUP(Q449,lot!$A$3:$E$13372,3,0) -> #N/A | U449: =VLOOKUP(Q449,lot!$A$3:$E$13372,5,0) -> #N/A
B450: Bestani OK 300 SL 20 X 1 ltr47939 | C450: 4760 | E450: BM Zebco 80 WP 20 X 1 kg46784 | F450: =VLOOKUP(E450,$B$2:$C$1866,2,0) -> #N/A | G450: =IF(ISNA(F450),"0",F450) -> 0 | L450: BM Zebco 80 WP 20 X 1 kg46784 | M450: =VLOOKUP(L450,lot!$A$3:$E$13372,3,0) -> #N/A | Q450: Bestani OK 300 SL 20 X 1 ltr47939 | R450: 4760 | S450: QBEST07 | T450: =VLOOKUP(Q450,lot!$A$3:$E$13372,3,0) -> #N/A | U450: =VLOOKUP(Q450,lot!$A$3:$E$13372,5,0) -> #N/A
B451: Bestani OK 300 SL 20 X 1 ltr47908 | C451: 15 | E451: Board Score 250 EC 80 ml1/1/1000 | F451: =VLOOKUP(E451,$B$2:$C$1866,2,0) -> #N/A | G451: =IF(ISNA(F451),"0",F451) -> 0 | L451: Board Score 250 EC 80 ml1/1/1000 | M451: =VLOOKUP(L451,lot!$A$3:$E$13372,3,0) -> #N/A | Q451: Bestani OK 300 SL 20 X 1 ltr47908 | R451: 15 | S451: QBEST07 | T451: =VLOOKUP(Q451,lot!$A$3:$E$13372,3,0) -> #N/A | U451: =VLOOKUP(Q451,lot!$A$3:$E$13372,5,0) -> #N/A
B452: Betasticker 80 X 30 ml1/1/1000 | C452: 320 | E452: Body YT 5L1/1/1000 | F452: =VLOOKUP(E452,$B$2:$C$1866,2,0) -> 5 | G452: =IF(ISNA(F452),"0",F452) -> 5 | L452: Body YT 5L1/1/1000 | M452: =VLOOKUP(L452,lot!$A$3:$E$13372,3,0) -> #N/A | Q452: Betasticker 80 X 30 ml1/1/1000 | R452: 320 | S452: QBETA04 | T452: =VLOOKUP(Q452,lot!$A$3:$E$13372,3,0) -> #N/A | U452: =VLOOKUP(Q452,lot!$A$3:$E$13372,5,0) -> #N/A
B453: Biggrow 20 WP 6 X 50 X 5 gr47849 | C453: 1500 | E453: Bongkis 30 EC 100 X 100 ml47270 | F453: =VLOOKUP(E453,$B$2:$C$1866,2,0) -> 1244 | G453: =IF(ISNA(F453),"0",F453) -> 1244 | L453: Bongkis 30 EC 100 X 100 ml47270 | M453: =VLOOKUP(L453,lot!$A$3:$E$13372,3,0) -> #N/A | Q453: Biggrow 20 WP 6 X 50 X 5 gr47849 | R453: 1500 | S453: ABIGG08 | T453: =VLOOKUP(Q453,lot!$A$3:$E$13372,3,0) -> #N/A | U453: =VLOOKUP(Q453,lot!$A$3:$E$13372,5,0) -> #N/A
B454: Biggrow 20 WP 6 X 50 X 5 gr48214 | C454: 191547 | E454: Bongkis 30 EC 20 X 500 ml47270 | F454: =VLOOKUP(E454,$B$2:$C$1866,2,0) -> 230 | G454: =IF(ISNA(F454),"0",F454) -> 230 | L454: Bongkis 30 EC 20 X 500 ml47270 | M454: =VLOOKUP(L454,lot!$A$3:$E$13372,3,0) -> #N/A | Q454: Biggrow 20 WP 6 X 50 X 5 gr48214 | R454: 191547 | S454: ABIGG08 | T454: =VLOOKUP(Q454,lot!$A$3:$E$13372,3,0) -> #N/A | U454: =VLOOKUP(Q454,lot!$A$3:$E$13372,5,0) -> #N/A
B455: Biochems Vit B1+B6 20 X 1 ltr47818 | C455: 152 | E455: Bongkis 30 EC 40 X 250 ml47270 | F455: =VLOOKUP(E455,$B$2:$C$1866,2,0) -> 1565 | G455: =IF(ISNA(F455),"0",F455) -> 1565 | L455: Bongkis 30 EC 40 X 250 ml47270 | M455: =VLOOKUP(L455,lot!$A$3:$E$13372,3,0) -> #N/A | Q455: Biochems Vit B1+B6 20 X 1 ltr47818 | R455: 152 | S455: ABIOC12 | T455: =VLOOKUP(Q455,lot!$A$3:$E$13372,3,0) -> #N/A | U455: =VLOOKUP(Q455,lot!$A$3:$E$13372,5,0) -> #N/A
B456: Biochems Vit B1+B6 30 X 500 ml47818 | C456: 617 | E456: Boom Padi 30 X 1 Paket47939 | F456: =VLOOKUP(E456,$B$2:$C$1866,2,0) -> #N/A | G456: =IF(ISNA(F456),"0",F456) -> 0 | L456: Boom Padi 30 X 1 Paket47939 | M456: =VLOOKUP(L456,lot!$A$3:$E$13372,3,0) -> #N/A | Q456: Biochems Vit B1+B6 30 X 500 ml47818 | R456: 617 | S456: ABIOC13 | T456: =VLOOKUP(Q456,lot!$A$3:$E$13372,3,0) -> #N/A | U456: =VLOOKUP(Q456,lot!$A$3:$E$13372,5,0) -> #N/A
B457: Biochems Vit B1+B6 30 X 500 ml47543 | C457: 143 | E457: Boom Padi 30 X 1 Paket47969 | F457: =VLOOKUP(E457,$B$2:$C$1866,2,0) -> #N/A | G457: =IF(ISNA(F457),"0",F457) -> 0 | L457: Boom Padi 30 X 1 Paket47969 | M457: =VLOOKUP(L457,lot!$A$3:$E$13372,3,0) -> #N/A | Q457: Biochems Vit B1+B6 30 X 500 ml47543 | R457: 143 | S457: ABIOC13 | T457: =VLOOKUP(Q457,lot!$A$3:$E$13372,3,0) -> #N/A | U457: =VLOOKUP(Q457,lot!$A$3:$E$13372,5,0) -> #N/A
... B687: Fitomic Plus 20 X 500 ml47543 | C687: 15 | E687: Dewa Dewi 15 X 1 ltr47788 | F687: =VLOOKUP(E687,$B$2:$C$1866,2,0) -> #N/A | G687: =IF(ISNA(F687),"0",F687) -> 0 | L687: Dewa Dewi 15 X 1 ltr47788 | M687: =VLOOKUP(L687,lot!$A$3:$E$13372,3,0) -> #N/A | Q687: Fitomic Plus 20 X 500 ml47543 | R687: 15 | S687: QFITO09 | T687: =VLOOKUP(Q687,lot!$A$3:$E$13372,3,0) -> #N/A | U687: =VLOOKUP(Q687,lot!$A$3:$E$13372,5,0) -> #N/A
B688: Flashoot 300 EC 80 X 100 ml48000 | C688: 3760 | E688: Dewa Dewi 15 X 1 ltr47818 | F688: =VLOOKUP(E688,$B$2:$C$1866,2,0) -> #N/A | G688: =IF(ISNA(F688),"0",F688) -> 0 | L688: Dewa Dewi 15 X 1 ltr47818 | M688: =VLOOKUP(L688,lot!$A$3:$E$13372,3,0) -> #N/A | Q688: Flashoot 300 EC 80 X 100 ml48000 | R688: 3760 | S688: #N/A | T688: =VLOOKUP(Q688,lot!$A$3:$E$13372,3,0) -> #N/A | U688: =VLOOKUP(Q688,lot!$A$3:$E$13372,5,0) -> #N/A
B689: Flonipro 75/75 SE 50 X 100 ml47908 | C689: 350 | E689: Dewa Dewi 15 X 1 ltr47849 | F689: =VLOOKUP(E689,$B$2:$C$1866,2,0) -> #N/A | G689: =IF(ISNA(F689),"0",F689) -> 0 | L689: Dewa Dewi 15 X 1 ltr47849 | M689: =VLOOKUP(L689,lot!$A$3:$E$13372,3,0) -> #N/A | Q689: Flonipro 75/75 SE 50 X 100 ml47908 | R689: 350 | S689: QFLON01 | T689: =VLOOKUP(Q689,lot!$A$3:$E$13372,3,0) -> #N/A | U689: =VLOOKUP(Q689,lot!$A$3:$E$13372,5,0) -> #N/A
B690: Flonipro 75/75 SE 40 X 250 ml47880 | C690: 870 | E690: Dewa Dewi 15 X 1 ltr47880 | F690: =VLOOKUP(E690,$B$2:$C$1866,2,0) -> #N/A | G690: =IF(ISNA(F690),"0",F690) -> 0 | L690: Dewa Dewi 15 X 1 ltr47880 | M690: =VLOOKUP(L690,lot!$A$3:$E$13372,3,0) -> #N/A | Q690: Flonipro 75/75 SE 40 X 250 ml47880 | R690: 870 | S690: QFLON02 | T690: =VLOOKUP(Q690,lot!$A$3:$E$13372,3,0) -> #N/A | U690: =VLOOKUP(Q690,lot!$A$3:$E$13372,5,0) -> #N/A
B691: Flonipro 75/75 SE 40 X 250 ml47969 | C691: 40 | E691: Dewa Dewi 15 X 1 ltr47908 | F691: =VLOOKUP(E691,$B$2:$C$1866,2,0) -> 2285 | G691: =IF(ISNA(F691),"0",F691) -> 2285 | L691: Dewa Dewi 15 X 1 ltr47908 | M691: =VLOOKUP(L691,lot!$A$3:$E$13372,3,0) -> #N/A | Q691: Flonipro 75/75 SE 40 X 250 ml47969 | R691: 40 | S691: QFLON02 | T691: =VLOOKUP(Q691,lot!$A$3:$E$13372,3,0) -> #N/A | U691: =VLOOKUP(Q691,lot!$A$3:$E$13372,5,0) -> #N/A
B692: Folirfos 400 SL 15 X 1 ltr47239 | C692: 10 | E692: Dewa Dewi 20 X 500 ml47818 | F692: =VLOOKUP(E692,$B$2:$C$1866,2,0) -> #N/A | G692: =IF(ISNA(F692),"0",F692) -> 0 | L692: Dewa Dewi 20 X 500 ml47818 | M692: =VLOOKUP(L692,lot!$A$3:$E$13372,3,0) -> #N/A | Q692: Folirfos 400 SL 15 X 1 ltr47239 | R692: 10 | S692: QFOLI04 | T692: =VLOOKUP(Q692,lot!$A$3:$E$13372,3,0) -> #N/A | U692: =VLOOKUP(Q692,lot!$A$3:$E$13372,5,0) -> #N/A
B693: Folirfos 400 SL 15 X 1 ltr47270 | C693: 1095 | E693: Dewa Dewi 20 X 500 ml47849 | F693: =VLOOKUP(E693,$B$2:$C$1866,2,0) -> #N/A | G693: =IF(ISNA(F693),"0",F693) -> 0 | L693: Dewa Dewi 20 X 500 ml47849 | M693: =VLOOKUP(L693,lot!$A$3:$E$13372,3,0) -> #N/A | Q693: Folirfos 400 SL 15 X 1 ltr47270 | R693: 1095 | S693: QFOLI04 | T693: =VLOOKUP(Q693,lot!$A$3:$E$13372,3,0) -> #N/A | U693: =VLOOKUP(Q693,lot!$A$3:$E$13372,5,0) -> #N/A
B694: Folirfos 400 SL 20 X 500 ml47027 | C694: 5 | E694: Dewa Dewi 20 X 500 ml47908 | F694: =VLOOKUP(E694,$B$2:$C$1866,2,0) -> 507 | G694: =IF(ISNA(F694),"0",F694) -> 507 | L694: Dewa Dewi 20 X 500 ml47908 | M694: =VLOOKUP(L694,lot!$A$3:$E$13372,3,0) -> #N/A | Q694: Folirfos 400 SL 20 X 500 ml47027 | R694: 5 | S694: AFOLI06 | T694: =VLOOKUP(Q694,lot!$A$3:$E$13372,3,0) -> #N/A | U694: =VLOOKUP(Q694,lot!$A$3:$E$13372,5,0) -> #N/A
...

Sheet barang_no_qr
B1: a | C1: v | D1: b | E1: c | F1: f
B2: Accu Kayaba Kering 12A - 12 Volt1/1/1000 | C2: 1 | D2: AACCU01 | E2: Accu Kayaba Kering 12A - 12 Volt | F2: =VLOOKUP(B2,lot!$A$3:$E$13372,5,0) -> #N/A
B3: Adrift 125 EC 50 X 100 ml46813 | C3: 202 | D3: QADRI01 | E3: Adrift 125 EC 50 X 100 ml | F3: =VLOOKUP(B3,lot!$A$3:$E$13372,5,0) -> #N/A
B4: Alat Kocor Pupuk Cair Quda Karisma 20 ltr1/1/1000 | C4: 258 | D4: QALAT07 | E4: Alat Kocor Pupuk Cair Quda Karisma 20 ltr | F4: =VLOOKUP(B4,lot!$A$3:$E$13372,5,0) -> #N/A
B5: Alat Kocor Pupuk Padat Quda Karisma 25 ltr1/1/1000 | C5: 360 | D5: QALAT06 | E5: Alat Kocor Pupuk Padat Quda Karisma 25 ltr | F5: =VLOOKUP(B5,lot!$A$3:$E$13372,5,0) -> #N/A
B6: Amco Up 486 SL 20 X 1 ltr47119 | C6: 6 | D6: QAMCO17 | E6: Amco Up 486 SL 20 X 1 ltr | F6: =VLOOKUP(B6,lot!$A$3:$E$13372,5,0) -> #N/A
B7: Amichlor 400 EC 100 ml1/1/1000 | C7: 11 | D7: AAMIC01 | E7: Amichlor 400 EC 100 ml | F7: =VLOOKUP(B7,lot!$A$3:$E$13372,5,0) -> #N/A
B8: Aminosong Mango 500 ml (Sample)47150 | C8: 4 | D8: AAMIN04 | E8: Aminosong Mango 500 ml (Sample) | F8: =VLOOKUP(B8,lot!$A$3:$E$13372,5,0) -> #N/A
B9: Amolin 300 EC 100 X 100 ml46753 | C9: 2590 | D9: AAMOL01 | E9: Amolin 300 EC 100 X 100 ml | F9: =VLOOKUP(B9,lot!$A$3:$E$13372,5,0) -> #N/A
B10: Amolin 300 EC 40 X 250 ml47849 | C10: 35 | D10: AAMOL02 | E10: Amolin 300 EC 40 X 250 ml | F10: =VLOOKUP(B10,lot!$A$3:$E$13372,5,0) -> #N/A
B11: Arendi 20/10 WP 20 X 20 X 25 gr46813 | C11: 2 | D11: QAREN01 | E11: Arendi 20/10 WP 20 X 20 X 25 gr | F11: =VLOOKUP(B11,lot!$A$3:$E$13372,5,0) -> #N/A
B12: Arizona 55 EC 80 ml (Sample)1/1/1000 | C12: 13 | D12: AARIZ01 | E12: Arizona 55 EC 80 ml (Sample) | F12: =VLOOKUP(B12,lot!$A$3:$E$13372,5,0) -> #N/A
B13: Arjuna 200 EC 50 X 80 ml47270 | C13: 3 | D13: QARJU02 | E13: Arjuna 200 EC 50 X 80 ml | F13: =VLOOKUP(B13,lot!$A$3:$E$13372,5,0) -> #N/A
... B81: Grandally 25 WP 25 gr1/1/1000 | C81: 33533 | D81: QGRAN01 | E81: Grandally 25 WP 25 gr | F81: =VLOOKUP(B81,lot!$A$3:$E$13372,5,0) -> #N/A
B82: Gunting Gland 7" Lady Pruner 05-219 12 X 1 pcs1/1/1000 | C82: 49 | D82: #N/A | E82: Gunting Gland 7" Lady Pruner 05-219 12 X 1 pcs | F82: =VLOOKUP(B82,lot!$A$3:$E$13372,5,0) -> #N/A
B83: GW Magicgro G6 48 X 248 ml (Sampel)1/1/1000 | C83: 96 | D83: AGWMA03 | E83: GW Magicgro G6 48 X 248 ml (Sampel) | F83: =VLOOKUP(B83,lot!$A$3:$E$13372,5,0) -> #N/A
B84: GW Sanilan 12 X 998 ml1/1/1000 | C84: 21 | D84: AGWSA01 | E84: GW Sanilan 12 X 998 ml | F84: =VLOOKUP(B84,lot!$A$3:$E$13372,5,0) -> #N/A
B85: GW Vit B1+B6 100 X 100 ml1/1/1000 | C85: 86 | D85: AGWVI02 | E85: GW Vit B1+B6 100 X 100 ml | F85: =VLOOKUP(B85,lot!$A$3:$E$13372,5,0) -> #N/A
B86: Handstarter Star Metal1/1/1000 | C86: 11 | D86: QHAND01 | E86: Handstarter Star Metal | F86: =VLOOKUP(B86,lot!$A$3:$E$13372,5,0) -> #N/A
B87: Hernab 100 EC 1 ltr1/1/1000 | C87: 4 | D87: AHERN01 | E87: Hernab 100 EC 1 ltr | F87: =VLOOKUP(B87,lot!$A$3:$E$13372,5,0) -> #N/A
B88: Hijau 250 ml45200 | C88: 4 | D88: AHIJA01 | E88: Hijau 250 ml | F88: =VLOOKUP(B88,lot!$A$3:$E$13372,5,0) -> #N/A
B89: HiPro Series 13-7-10 Powder 250 gr (Sample)1/1/1000 | C89: 8 | D89: AHIPR01 | E89: HiPro Series 13-7-10 Powder 250 gr (Sample) | F89: =VLOOKUP(B89,lot!$A$3:$E$13372,5,0) -> #N/A
B90: Hoky 30 EC 16 X 1 ltr47270 | C90: 269 | D90: QHOKK03 | E90: Hoky 30 EC 16 X 1 ltr | F90: =VLOOKUP(B90,lot!$A$3:$E$13372,5,0) -> #N/A
B91: I-Aba SP 250 ml (Sample)1/1/1000 | C91: 3 | D91: AIABA01 | E91: I-Aba SP 250 ml (Sample) | F91: =VLOOKUP(B91,lot!$A$3:$E$13372,5,0) -> #N/A
B92: I-Lu Tol 100ml (Sample)1/1/1000 | C92: 4 | D92: AILUT01 | E92: I-Lu Tol 100ml (Sample) | F92: =VLOOKUP(B92,lot!$A$3:$E$13372,5,0) -> #N/A
B93: Imuno 20 x 250 ml1/1/1000 | C93: 8 | D93: AIMUN01 | E93: Imuno 20 x 250 ml | F93: =VLOOKUP(B93,lot!$A$3:$E$13372,5,0) -> #N/A
B94: I-Sad 250 ml (Sample)1/1/1000 | C94: 3 | D94: AISAD01 | E94: I-Sad 250 ml (Sample) | F94: =VLOOKUP(B94,lot!$A$3:$E$13372,5,0) -> #N/A
... B100: Jet Stik Sprayer1/1/1000 | C100: 8 | D100: AJET 01 | E100: Jet Stik Sprayer | F100: =VLOOKUP(B100,lot!$A$3:$E$13372,5,0) -> #N/A
B101: Kardus Kosong Sprayer Elektrik Quda Karisma 5 L1/1/1000 | C101: 20 | D101: #N/A | E101: Kardus Kosong Sprayer Elektrik Quda Karisma 5 L | F101: =VLOOKUP(B101,lot!$A$3:$E$13372,5,0) -> #N/A
B102: Klep Kulit 14 ltr Star Metal1/1/1000 | C102: 78 | D102: AKLEP01 | E102: Klep Kulit 14 ltr Star Metal | F102: =VLOOKUP(B102,lot!$A$3:$E$13372,5,0) -> #N/A
B103: Klep Kulit 17 ltr Star Metal1/1/1000 | C103: 100 | D103: AKLEP02 | E103: Klep Kulit 17 ltr Star Metal | F103: =VLOOKUP(B103,lot!$A$3:$E$13372,5,0) -> #N/A
B104: Konektor Nosel Tutup1/1/1000 | C104: 40 | D104: AKONE01 | E104: Konektor Nosel Tutup | F104: =VLOOKUP(B104,lot!$A$3:$E$13372,5,0) -> #N/A
B105: Kran Pencet Star Metal1/1/1000 | C105: 476 | D105: QKRAN01 | E105: Kran Pencet Star Metal | F105: =VLOOKUP(B105,lot!$A$3:$E$13372,5,0) -> #N/A
B106: Laba Hidroponik 130 gr1/1/1000 | C106: 6 | D106: ALABA01 | E106: Laba Hidroponik 130 gr | F106: =VLOOKUP(B106,lot!$A$3:$E$13372,5,0) -> #N/A
B107: Laba Hidroponik 142 gr1/1/1000 | C107: 5 | D107: ALABA02 | E107: Laba Hidroponik 142 gr | F107: =VLOOKUP(B107,lot!$A$3:$E$13372,5,0) -> #N/A
B108: Label Piraklo 250 ml lama1/1/1000 | C108: 951 | D108: ALABE01 | E108: Label Piraklo 250 ml lama | F108: =VLOOKUP(B108,lot!$A$3:$E$13372,5,0) -> #N/A
B109: Label botol desanto 100 ml1/1/1000 | C109: 54 | D109: ALABE02 | E109: Label botol desanto 100 ml | F109: =VLOOKUP(B109,lot!$A$3:$E$13372,5,0) -> #N/A
B110: Label Piraklo 250ml (Logo MIA)1/1/1000 | C110: 80 | D110: ALABE03 | E110: Label Piraklo 250ml (Logo MIA) | F110: =VLOOKUP(B110,lot!$A$3:$E$13372,5,0) -> #N/A
B111: Label botol desanto 250 ml1/1/1000 | C111: 40 | D111: ALABE04 | E111: Label botol desanto 250 ml | F111: =VLOOKUP(B111,lot!$A$3:$E$13372,5,0) -> #N/A
B112: Lenadro 200/70/30 OD 40 X 250 ml (Sample)47818 | C112: 1344 | D112: ALENA01 | E112: Lenadro 200/70/30 OD 40 X 250 ml (Sample) | F112: =VLOOKUP(B112,lot!$A$3:$E$13372,5,0) -> #N/A
B113: Magshumat 500 ml1/1/1000 | C113: 4 | D113: AMAGS01 | E113: Magshumat 500 ml | F113: =VLOOKUP(B113,lot!$A$3:$E$13372,5,0) -> #N/A
... B251: Ventory 865 SL 400 gr40452 | C251: 1 | D251: AVENT01 | E251: Ventory 865 SL 400 gr | F251: =VLOOKUP(B251,lot!$A$3:$E$13372,5,0) -> #N/A
B252: Vertibak 60 SP 50 X 100 gr1/1/1000 | C252: 6 | D252: #N/A | E252: Vertibak 60 SP 50 X 100 gr | F252: =VLOOKUP(B252,lot!$A$3:$E$13372,5,0) -> #N/A
B253: Vishaka 200 EC 20 X 500 ml45778 | C253: 46 | D253: QVISH01 | E253: Vishaka 200 EC 20 X 500 ml | F253: =VLOOKUP(B253,lot!$A$3:$E$13372,5,0) -> #N/A
B254: Vishaka 200 EC 20 X 500 ml47088 | C254: 2 | D254: QVISH01 | E254: Vishaka 200 EC 20 X 500 ml | F254: =VLOOKUP(B254,lot!$A$3:$E$13372,5,0) -> #N/A
B255: Vista 400 SL 100 ml (Sample)1/1/1000 | C255: 36 | D255: AVIST04 | E255: Vista 400 SL 100 ml (Sample) | F255: =VLOOKUP(B255,lot!$A$3:$E$13372,5,0) -> #N/A
B256: Volt Meter YEP181/1/1000 | C256: 5 | D256: AVOLT01 | E256: Volt Meter YEP18 | F256: =VLOOKUP(B256,lot!$A$3:$E$13372,5,0) -> #N/A
B257: Yoto Perfume Spray 118 X 120 ml45231 | C257: 91 | D257: AYOTO01 | E257: Yoto Perfume Spray 118 X 120 ml | F257: =VLOOKUP(B257,lot!$A$3:$E$13372,5,0) -> #N/A
B258: Benang Pe mlg1/1/1000 | C258: 3775 | D258: CBENA01 | E258: Benang Pe mlg | F258: =VLOOKUP(B258,lot!$A$3:$E$13372,5,0) -> #N/A
B259: Cabe Darmais F1 12 X 15 X 10 gr46643 | C259: 720 | D259: QCABE63 | E259: Cabe Darmais F1 12 X 15 X 10 gr | F259: =VLOOKUP(B259,lot!$A$3:$E$13372,5,0) -> #N/A
B260: Smk. Madrid F1 12 X 10 X 20 gr46653 | C260: 2280 | D260: QSMK24 | E260: Smk. Madrid F1 12 X 10 X 20 gr | F260: =VLOOKUP(B260,lot!$A$3:$E$13372,5,0) -> #N/A
B261: Smk. Madrid F1 12 X 10 X 20 gr46656 | C261: 1200 | D261: QSMK24 | E261: Smk. Madrid F1 12 X 10 X 20 gr | F261: =VLOOKUP(B261,lot!$A$3:$E$13372,5,0) -> #N/A
B262: Spontas 450 SL 10 X 1 ltr47665 | C262: 4 | D262: CSPON01 | E262: Spontas 450 SL 10 X 1 ltr | F262: =VLOOKUP(B262,lot!$A$3:$E$13372,5,0) -> #N/A
B263: Tali Gawar 989 40 X 600 gr1/1/1000 | C263: 12040 | D263: CTALI01 | E263: Tali Gawar 989 40 X 600 gr | F263: =VLOOKUP(B263,lot!$A$3:$E$13372,5,0) -> #N/A
B264: Terbas 490 SL 20 X 1 ltr47880 | C264: 1800 | D264: CTERB01 | E264: Terbas 490 SL 20 X 1 ltr | F264: =VLOOKUP(B264,lot!$A$3:$E$13372,5,0) -> #N/A
... B377: Aneto 50 EC 50 X 100 ml47270 | C377: 1000 | D377: QANET04 | E377: Aneto 50 EC 50 X 100 ml | F377: =VLOOKUP(B377,lot!$A$3:$E$13372,5,0) -> #N/A
B378: Aneto 50 EC 50 X 100 ml46508 | C378: 4 | D378: #N/A | E378: Aneto 50 EC 50 X 100 ml | F378: =VLOOKUP(B378,lot!$A$3:$E$13372,5,0) -> #N/A
B379: Aneto 50 EC 30 X 500 ml + 2 pcs Neptune 8 gr46997 | C379: 794 | D379: #N/A | E379: Aneto 50 EC 30 X 500 ml + 2 pcs Neptune 8 gr | F379: =VLOOKUP(B379,lot!$A$3:$E$13372,5,0) -> #N/A
B380: Aneto 50 EC 50 X 250 ml + 1 pcs Neptune 8 gr46874 | C380: 641 | D380: #N/A | E380: Aneto 50 EC 50 X 250 ml + 1 pcs Neptune 8 gr | F380: =VLOOKUP(B380,lot!$A$3:$E$13372,5,0) -> #N/A
B381: Antramix 30/22.5 SG 100 X 100 gr46539 | C381: 993 | D381: AANTR04 | E381: Antramix 30/22.5 SG 100 X 100 gr | F381: =VLOOKUP(B381,lot!$A$3:$E$13372,5,0) -> #N/A
B382: A-PlusCal 20 X 250 gr47484 | C382: 2 | D382: QAPLU01 | E382: A-PlusCal 20 X 250 gr | F382: =VLOOKUP(B382,lot!$A$3:$E$13372,5,0) -> #N/A
B383: A-PlusCal 20 X 250 gr47908 | C383: 1040 | D383: QAPLU01 | E383: A-PlusCal 20 X 250 gr | F383: =VLOOKUP(B383,lot!$A$3:$E$13372,5,0) -> #N/A
B384: Applaud 10 WP 20 X 5 X 100 gr47574 | C384: 48 | D384: QAPPL01 | E384: Applaud 10 WP 20 X 5 X 100 gr | F384: =VLOOKUP(B384,lot!$A$3:$E$13372,5,0) -> #N/A
B385: Arcanate 40/160 SC 40 X 250 ml47209 | C385: 40 | D385: QARCA01 | E385: Arcanate 40/160 SC 40 X 250 ml | F385: =VLOOKUP(B385,lot!$A$3:$E$13372,5,0) -> #N/A
B386: Arendi 20/10 WP 20 X 20 X 25 gr47150 | C386: 3803 | D386: QAREN01 | E386: Arendi 20/10 WP 20 X 20 X 25 gr | F386: =VLOOKUP(B386,lot!$A$3:$E$13372,5,0) -> #N/A
B387: Armeira 30 WG 10 X 20 X 50 gr47665 | C387: 1888 | D387: QARME01 | E387: Armeira 30 WG 10 X 20 X 50 gr | F387: =VLOOKUP(B387,lot!$A$3:$E$13372,5,0) -> #N/A
B388: Armeira 30 WG 10 X 20 X 50 gr47880 | C388: 200 | D388: QARME01 | E388: Armeira 30 WG 10 X 20 X 50 gr | F388: =VLOOKUP(B388,lot!$A$3:$E$13372,5,0) -> #N/A
B389: Asetor 250 EC 40 X 250 ml46997 | C389: 295 | D389: QASET02 | E389: Asetor 250 EC 40 X 250 ml | F389: =VLOOKUP(B389,lot!$A$3:$E$13372,5,0) -> #N/A
B390: Asia Top 288 SL 20 X 1 ltr47788 | C390: 3236 | D390: AASIA03 | E390: Asia Top 288 SL 20 X 1 ltr | F390: =VLOOKUP(B390,lot!$A$3:$E$13372,5,0) -> #N/A
B391: Asia Top 288 SL 20 X 1 ltr47908 | C391: 5000 | D391: AASIA03 | E391: Asia Top 288 SL 20 X 1 ltr | F391: =VLOOKUP(B391,lot!$A$3:$E$13372,5,0) -> #N/A
B392: Asia Top 288 SL 4 X 5 ltr47574 | C392: 10 | D392: QASIA02 | E392: Asia Top 288 SL 4 X 5 ltr | F392: =VLOOKUP(B392,lot!$A$3:$E$13372,5,0) -> #N/A
... B437: Benabel Plus 120/35 SC 64 X 100 ml47818 | C437: 34 | D437: QBENA02 | E437: Benabel Plus 120/35 SC 64 X 100 ml | F437: =VLOOKUP(B437,lot!$A$3:$E$13372,5,0) -> #N/A
B438: Benabel Plus 120/35 SC 64 X 100 ml47908 | C438: 960 | D438: #N/A | E438: Benabel Plus 120/35 SC 64 X 100 ml | F438: =VLOOKUP(B438,lot!$A$3:$E$13372,5,0) -> #N/A
B439: Benabel Plus 120/35 SC 48 X 250 ml47908 | C439: 1344 | D439: QBENA03 | E439: Benabel Plus 120/35 SC 48 X 250 ml | F439: =VLOOKUP(B439,lot!$A$3:$E$13372,5,0) -> #N/A
B440: Benabel Plus 120/35 SC 48 X 250 ml47880 | C440: 65 | D440: QBENA03 | E440: Benabel Plus 120/35 SC 48 X 250 ml | F440: =VLOOKUP(B440,lot!$A$3:$E$13372,5,0) -> #N/A
B441: Benabel Plus 120/35 SC 48 X 250 ml47969 | C441: 1056 | D441: QBENA03 | E441: Benabel Plus 120/35 SC 48 X 250 ml | F441: =VLOOKUP(B441,lot!$A$3:$E$13372,5,0) -> #N/A
B442: Bencore 250 EC 20 X 200 ml46966 | C442: 3 | D442: QBENC01 | E442: Bencore 250 EC 20 X 200 ml | F442: =VLOOKUP(B442,lot!$A$3:$E$13372,5,0) -> #N/A
B443: Bencore 250 EC 20 X 400 ml46508 | C443: 1 | D443: QBENC02 | E443: Bencore 250 EC 20 X 400 ml | F443: =VLOOKUP(B443,lot!$A$3:$E$13372,5,0) -> #N/A
B444: Benfuron 12/18 WP 160 X 25 gr46753 | C444: 37750 | D444: QBENF01 | E444: Benfuron 12/18 WP 160 X 25 gr | F444: =VLOOKUP(B444,lot!$A$3:$E$13372,5,0) -> #N/A
B445: Bernas 250 EC 50 X 250 ml47027 | C445: 149 | D445: #N/A | E445: Bernas 250 EC 50 X 250 ml | F445: =VLOOKUP(B445,lot!$A$3:$E$13372,5,0) -> #N/A
B446: Bernas 250 EC 50 X 250 ml46905 | C446: 490 | D446: QBERN03 | E446: Bernas 250 EC 50 X 250 ml | F446: =VLOOKUP(B446,lot!$A$3:$E$13372,5,0) -> #N/A
B447: Bernas 250 EC 50 X 100 ml46600 | C447: 450 | D447: QBERN04 | E447: Bernas 250 EC 50 X 100 ml | F447: =VLOOKUP(B447,lot!$A$3:$E$13372,5,0) -> #N/A
B448: Bestar 200 SL 20 X 1 ltr47908 | C448: 11 | D448: QBEST06 | E448: Bestar 200 SL 20 X 1 ltr | F448: =VLOOKUP(B448,lot!$A$3:$E$13372,5,0) -> #N/A
B449: Bestar 200 SL 20 X 1 ltr47969 | C449: 5540 | D449: QBEST06 | E449: Bestar 200 SL 20 X 1 ltr | F449: =VLOOKUP(B449,lot!$A$3:$E$13372,5,0) -> #N/A
B450: Bestani OK 300 SL 20 X 1 ltr47939 | C450: 4760 | D450: QBEST07 | E450: Bestani OK 300 SL 20 X 1 ltr | F450: =VLOOKUP(B450,lot!$A$3:$E$13372,5,0) -> #N/A
B451: Bestani OK 300 SL 20 X 1 ltr47908 | C451: 15 | D451: QBEST07 | E451: Bestani OK 300 SL 20 X 1 ltr | F451: =VLOOKUP(B451,lot!$A$3:$E$13372,5,0) -> #N/A
B452: Betasticker 80 X 30 ml1/1/1000 | C452: 320 | D452: QBETA04 | E452: Betasticker 80 X 30 ml | F452: =VLOOKUP(B452,lot!$A$3:$E$13372,5,0) -> #N/A
B453: Biggrow 20 WP 6 X 50 X 5 gr47849 | C453: 1500 | D453: ABIGG08 | E453: Biggrow 20 WP 6 X 50 X 5 gr | F453: =VLOOKUP(B453,lot!$A$3:$E$13372,5,0) -> #N/A
B454: Biggrow 20 WP 6 X 50 X 5 gr48214 | C454: 191547 | D454: ABIGG08 | E454: Biggrow 20 WP 6 X 50 X 5 gr | F454: =VLOOKUP(B454,lot!$A$3:$E$13372,5,0) -> #N/A
B455: Biochems Vit B1+B6 20 X 1 ltr47818 | C455: 152 | D455: ABIOC12 | E455: Biochems Vit B1+B6 20 X 1 ltr | F455: =VLOOKUP(B455,lot!$A$3:$E$13372,5,0) -> #N/A
B456: Biochems Vit B1+B6 30 X 500 ml47818 | C456: 617 | D456: ABIOC13 | E456: Biochems Vit B1+B6 30 X 500 ml | F456: =VLOOKUP(B456,lot!$A$3:$E$13372,5,0) -> #N/A
B457: Biochems Vit B1+B6 30 X 500 ml47543 | C457: 143 | D457: ABIOC13 | E457: Biochems Vit B1+B6 30 X 500 ml | F457: =VLOOKUP(B457,lot!$A$3:$E$13372,5,0) -> #N/A
... B687: Fitomic Plus 20 X 500 ml47543 | C687: 15 | D687: QFITO09 | E687: Fitomic Plus 20 X 500 ml | F687: =VLOOKUP(B687,lot!$A$3:$E$13372,5,0) -> #N/A
B688: Flashoot 300 EC 80 X 100 ml48000 | C688: 3760 | D688: #N/A | E688: Flashoot 300 EC 80 X 100 ml | F688: =VLOOKUP(B688,lot!$A$3:$E$13372,5,0) -> #N/A
B689: Flonipro 75/75 SE 50 X 100 ml47908 | C689: 350 | D689: QFLON01 | E689: Flonipro 75/75 SE 50 X 100 ml | F689: =VLOOKUP(B689,lot!$A$3:$E$13372,5,0) -> #N/A
B690: Flonipro 75/75 SE 40 X 250 ml47880 | C690: 870 | D690: QFLON02 | E690: Flonipro 75/75 SE 40 X 250 ml | F690: =VLOOKUP(B690,lot!$A$3:$E$13372,5,0) -> #N/A
B691: Flonipro 75/75 SE 40 X 250 ml47969 | C691: 40 | D691: QFLON02 | E691: Flonipro 75/75 SE 40 X 250 ml | F691: =VLOOKUP(B691,lot!$A$3:$E$13372,5,0) -> #N/A
B692: Folirfos 400 SL 15 X 1 ltr47239 | C692: 10 | D692: QFOLI04 | E692: Folirfos 400 SL 15 X 1 ltr | F692: =VLOOKUP(B692,lot!$A$3:$E$13372,5,0) -> #N/A
B693: Folirfos 400 SL 15 X 1 ltr47270 | C693: 1095 | D693: QFOLI04 | E693: Folirfos 400 SL 15 X 1 ltr | F693: =VLOOKUP(B693,lot!$A$3:$E$13372,5,0) -> #N/A
B694: Folirfos 400 SL 20 X 500 ml47027 | C694: 5 | D694: AFOLI06 | E694: Folirfos 400 SL 20 X 500 ml | F694: =VLOOKUP(B694,lot!$A$3:$E$13372,5,0) -> #N/A
...

Sheet Sheet9
B2: A-PlusCal 20 X 250 gr47484
B3: A-PlusCal 20 X 250 gr47908
B4: Abacel 18 EC 10 X 1 ltr46813
B5: Abacel 18 EC 10 X 1 ltr46874
B6: Abacel 18 EC 10 X 1 ltr46905
B7: Abacel 18 EC 10 X 1 ltr46935
B8: Abacel 18 EC 10 X 1 ltr47027
B9: Abacel 18 EC 10 X 1 ltr47150
B10: Abacel 18 EC 20 X 500 ml46935
B11: Abacel 18 EC 20 X 500 ml47027
B12: Abacel 18 EC 20 X 500 ml47119
B13: Abacel 18 EC 20 X 500 ml47178
... B3299: Inner Box Paket 3 Jurus1/1/1000
